Category Name,Camera Name,View ID,X,Y,Z,heading,pitch,TrackIR Enabled,Smooth Transition,HeadShake,RetainMouseLookPosition, Enable Temporary Positioning,Enable Linear Transition,Linear Transition Frames,Enable Auto Advance,Limit TrackIR, Max TrackIR X,Max TrackIR Y,Max TrackIR Z,Min TrackIR X,Min TrackIR Y,Min TrackIR Z,Zoom,FOV,Enable FOV,Smooth Camera Joins, Enable Track Heading, Enable Track Pitch, CGY Offset, CGZ Offset, Enable Level Camera, Enable View Axis, Enable External Camera, Enable Cineflex Camera, Enable Free Camera, Initial Movement Range, Enable Bezier Transition, Run Code,Transition Seconds,Hidden Camera,X-Camera Version,Default FOV,Aircraft,Author,Camera File Version,Category Index,Manual Enable, Latitude,Longitude, Elevation, X-Plane 9 Chase View, roll, Target Following Camera, Scenic Flyer GA Panel, Scenic Flyer Glass Panel, Cinema Verite, CGX Offset, Hide Yoke, Enable Camera Axis, Enable XPRealistic 
Cockpit,Pilot View,1,-0.470734,0.537393,-7.855750,0.000000,345.000000,FALSE,FALSE,FALSE,TRUE,TRUE,FALSE,0,FALSE,FALSE,0.000000,0.000000,0.000000,0.000000,0.000000,0.000000,1.000000,90.000000,TRUE,FALSE,FALSE,FALSE,0.000000,0.000000,FALSE,FALSE,FALSE,FALSE,FALSE,1,FALSE,18643,0.0,FALSE,2.3.1 Beta 4,90.000000,yak-40_v11,Aquila Volat ,2015.11.19 ,0,FALSE,0,0,0,FALSE,0.000000,FALSE,FALSE,FALSE,FALSE,0.000000,0,FALSE,TRUE
Cockpit,FLT,2,-0.445731,0.263087,-8.124858,0.000000,349.099976,FALSE,FALSE,FALSE,TRUE,TRUE,FALSE,0,FALSE,FALSE,0.000000,0.000000,0.000000,0.000000,0.000000,0.000000,1.000000,90.000000,TRUE,FALSE,FALSE,FALSE,0.000000,0.000000,FALSE,FALSE,FALSE,FALSE,FALSE,1,FALSE,18643,0.0,FALSE,2.3.1 Beta 4,90.000000,yak-40_v11,Aquila Volat ,2015.11.19 ,0,FALSE,0,0,0,FALSE,0.000000,FALSE,FALSE,FALSE,FALSE,0.000000,0,FALSE,TRUE
Cockpit,Copilot,9,0.356678,0.545560,-7.645847,2.468521,346.406250,FALSE,FALSE,FALSE,TRUE,TRUE,FALSE,0,FALSE,FALSE,0.000000,0.000000,0.000000,0.000000,0.000000,0.000000,1.000000,76.500000,TRUE,FALSE,FALSE,FALSE,0.000000,0.000000,FALSE,FALSE,FALSE,FALSE,FALSE,1,FALSE,18643,0.0,FALSE,2.3.1 Beta 4,90.000000,yak-40_v11,Aquila Volat ,2015.11.19 ,0,FALSE,0,0,0,FALSE,0.000000,FALSE,FALSE,FALSE,FALSE,0.000000,0,FALSE,TRUE
Cockpit,Engine Instruments,3,-0.010734,0.211892,-8.045495,0.000000,348.800049,FALSE,FALSE,FALSE,TRUE,TRUE,FALSE,0,FALSE,FALSE,0.000000,0.000000,0.000000,0.000000,0.000000,0.000000,1.000000,76.500000,TRUE,FALSE,FALSE,FALSE,0.000000,0.000000,FALSE,FALSE,FALSE,FALSE,FALSE,1,FALSE,18643,0.0,FALSE,2.3.1 Beta 4,90.000000,yak-40_v11,Aquila Volat ,2015.11.19 ,0,FALSE,0,0,0,FALSE,0.000000,FALSE,FALSE,FALSE,FALSE,0.000000,0,FALSE,TRUE
Cockpit,Pedestal,4,-0.010734,0.422393,-7.710446,0.000000,318.000000,FALSE,FALSE,FALSE,TRUE,TRUE,FALSE,0,FALSE,FALSE,0.000000,0.000000,0.000000,0.000000,0.000000,0.000000,1.000000,76.500000,TRUE,FALSE,FALSE,FALSE,0.000000,0.000000,FALSE,FALSE,FALSE,FALSE,FALSE,1,FALSE,18643,0.0,FALSE,2.3.1 Beta 4,90.000000,yak-40_v11,Aquila Volat ,2015.11.19 ,0,FALSE,0,0,0,FALSE,0.000000,FALSE,FALSE,FALSE,FALSE,0.000000,0,FALSE,TRUE
Cockpit,Overhead,8,-0.010734,0.402393,-7.760448,0.000000,42.000000,FALSE,FALSE,FALSE,TRUE,TRUE,FALSE,0,FALSE,FALSE,0.000000,0.000000,0.000000,0.000000,0.000000,0.000000,1.000000,76.500000,TRUE,FALSE,FALSE,FALSE,0.000000,0.000000,FALSE,FALSE,FALSE,FALSE,FALSE,1,FALSE,18643,0.0,FALSE,2.3.1 Beta 4,90.000000,yak-40_v11,Aquila Volat ,2015.11.19 ,0,FALSE,0,0,0,FALSE,0.000000,FALSE,FALSE,FALSE,FALSE,0.000000,0,FALSE,TRUE
Cockpit,Start,5,-0.470734,0.537393,-7.790448,333.000000,306.000000,FALSE,FALSE,FALSE,TRUE,TRUE,FALSE,0,FALSE,FALSE,0.000000,0.000000,0.000000,0.000000,0.000000,0.000000,1.000000,76.500000,TRUE,FALSE,FALSE,FALSE,0.000000,0.000000,FALSE,FALSE,FALSE,FALSE,FALSE,1,FALSE,18643,0.0,FALSE,2.3.1 Beta 4,90.000000,yak-40_v11,Aquila Volat ,2015.11.19 ,0,FALSE,0,0,0,FALSE,0.000000,FALSE,FALSE,FALSE,FALSE,0.000000,0,FALSE,TRUE
Cockpit,Right Panel,6,0.384412,0.545560,-7.681286,49.246849,313.631287,FALSE,FALSE,FALSE,TRUE,TRUE,FALSE,0,FALSE,FALSE,0.000000,0.000000,0.000000,0.000000,0.000000,0.000000,1.000000,90.000000,TRUE,FALSE,FALSE,FALSE,0.000000,0.000000,FALSE,FALSE,FALSE,FALSE,FALSE,1,FALSE,18643,0.0,FALSE,2.3.1 Beta 4,90.000000,yak-40_v11,Aquila Volat ,2015.11.19 ,0,FALSE,0,0,0,FALSE,0.000000,FALSE,FALSE,FALSE,FALSE,0.000000,0,FALSE,TRUE
Cockpit,Co,7,0.487599,0.376077,-7.953787,0.000000,343.200073,FALSE,FALSE,FALSE,TRUE,TRUE,FALSE,0,FALSE,FALSE,0.000000,0.000000,0.000000,0.000000,0.000000,0.000000,1.000000,90.000000,TRUE,FALSE,FALSE,FALSE,0.000000,0.000000,FALSE,FALSE,FALSE,FALSE,FALSE,1,FALSE,18643,0.0,FALSE,2.3.1 Beta 4,90.000000,yak-40_v11,Aquila Volat ,2015.11.19 ,0,FALSE,0,0,0,FALSE,0.000000,FALSE,FALSE,FALSE,FALSE,0.000000,0,FALSE,TRUE
Cockpit,KLN,10,0.006739,0.505560,-8.288654,0.000000,354.400024,FALSE,FALSE,FALSE,TRUE,TRUE,FALSE,0,FALSE,FALSE,0.000000,0.000000,0.000000,0.000000,0.000000,0.000000,1.000000,90.000000,TRUE,FALSE,FALSE,FALSE,0.000000,0.000000,FALSE,FALSE,FALSE,FALSE,FALSE,1,FALSE,18643,0.0,FALSE,2.3.1 Beta 4,90.000000,yak-40_v11,Aquila Volat ,2015.11.19 ,0,FALSE,0,0,0,FALSE,0.000000,FALSE,FALSE,FALSE,FALSE,0.000000,0,FALSE,TRUE
Cockpit,Locator,11,0.011739,0.380560,-8.288654,0.000000,0.000000,FALSE,FALSE,FALSE,TRUE,TRUE,FALSE,0,FALSE,FALSE,0.000000,0.000000,0.000000,0.000000,0.000000,0.000000,1.000000,90.000000,TRUE,FALSE,FALSE,FALSE,0.000000,0.000000,FALSE,FALSE,FALSE,FALSE,FALSE,1,FALSE,18643,0.0,FALSE,2.3.1 Beta 4,90.000000,yak-40_v11,Aquila Volat ,2015.11.19 ,0,FALSE,0,0,0,FALSE,0.000000,FALSE,FALSE,FALSE,FALSE,0.000000,0,FALSE,TRUE
Cockpit,ITE2,12,0.006739,0.100560,-8.198652,0.000000,0.000000,FALSE,FALSE,FALSE,TRUE,TRUE,FALSE,0,FALSE,FALSE,0.000000,0.000000,0.000000,0.000000,0.000000,0.000000,1.000000,90.000000,TRUE,FALSE,FALSE,FALSE,0.000000,0.000000,FALSE,FALSE,FALSE,FALSE,FALSE,1,FALSE,18643,0.0,FALSE,2.3.1 Beta 4,90.000000,yak-40_v11,Aquila Volat ,2015.11.19 ,0,FALSE,0,0,0,FALSE,0.000000,FALSE,FALSE,FALSE,FALSE,0.000000,0,FALSE,TRUE
Cockpit,LEFT_AZS,13,-0.797879,0.234214,-7.763555,200.000000,343.500000,FALSE,FALSE,FALSE,TRUE,TRUE,FALSE,0,FALSE,FALSE,0.000000,0.000000,0.000000,0.000000,0.000000,0.000000,1.000000,90.000000,TRUE,FALSE,FALSE,FALSE,0.000000,0.000000,FALSE,FALSE,FALSE,FALSE,FALSE,1,FALSE,18643,0.0,FALSE,2.3.1 Beta 4,90.000000,yak-40_v11,Aquila Volat ,2015.11.19 ,0,FALSE,0,0,0,FALSE,0.000000,FALSE,FALSE,FALSE,FALSE,0.000000,0,FALSE,TRUE
Cockpit,RIGHT_AZS,14,0.838695,0.262615,-7.788507,185.999985,343.500000,FALSE,FALSE,FALSE,TRUE,TRUE,FALSE,0,FALSE,FALSE,0.000000,0.000000,0.000000,0.000000,0.000000,0.000000,1.000000,90.000000,TRUE,FALSE,FALSE,FALSE,0.000000,0.000000,FALSE,FALSE,FALSE,FALSE,FALSE,1,FALSE,18643,0.0,FALSE,2.3.1 Beta 4,90.000000,yak-40_v11,Aquila Volat ,2015.11.19 ,0,FALSE,0,0,0,FALSE,0.000000,FALSE,FALSE,FALSE,FALSE,0.000000,0,FALSE,TRUE
Cockpit,2077,15,0.813099,0.154192,-7.603845,90.799881,279.100281,FALSE,FALSE,FALSE,TRUE,TRUE,FALSE,0,FALSE,FALSE,0.000000,0.000000,0.000000,0.000000,0.000000,0.000000,1.000000,90.000000,TRUE,FALSE,FALSE,FALSE,0.000000,0.000000,FALSE,FALSE,FALSE,FALSE,FALSE,1,FALSE,18643,0.0,FALSE,2.3.1 Beta 4,90.000000,yak-40_v11,Aquila Volat ,2015.11.19 ,0,FALSE,0,0,0,FALSE,0.000000,FALSE,FALSE,FALSE,FALSE,0.000000,0,FALSE,TRUE
Walkaround,Camera 0,16,-2.059081,0.070560,2.182880,0.000000,0.233557,FALSE,FALSE,FALSE,FALSE,FALSE,TRUE,0,TRUE,FALSE,0.000000,0.000000,0.000000,0.000000,0.000000,0.000000,1.000000,80.000000,TRUE,TRUE,TRUE,FALSE,0.000000,0.000000,TRUE,FALSE,TRUE,FALSE,FALSE,2,FALSE,18643,2.0,FALSE,2.3.1 Beta 4,90.000000,yak-40_v11,Aquila Volat ,2015.11.19 ,1,FALSE,0,0,0,FALSE,0.000000,FALSE,FALSE,FALSE,FALSE,0.000000,0,FALSE,FALSE
Walkaround,Camera 1,0,-4.959078,0.470560,3.482879,0.000000,0.233557,FALSE,FALSE,FALSE,FALSE,FALSE,TRUE,0,TRUE,FALSE,0.000000,0.000000,0.000000,0.000000,0.000000,0.000000,1.000000,80.000000,TRUE,TRUE,TRUE,FALSE,0.000000,0.000000,TRUE,FALSE,TRUE,FALSE,FALSE,1,FALSE,18643,4.0,FALSE,2.3.1 Beta 4,90.000000,yak-40_v11,Aquila Volat ,2015.11.19 ,1,FALSE,0,0,0,FALSE,0.000000,FALSE,FALSE,FALSE,FALSE,0.000000,0,FALSE,FALSE
Walkaround,Camera 2,0,-8.259076,0.670560,0.582880,0.000000,0.233557,FALSE,FALSE,FALSE,FALSE,FALSE,TRUE,0,TRUE,FALSE,0.000000,0.000000,0.000000,0.000000,0.000000,0.000000,1.000000,80.000000,TRUE,TRUE,TRUE,FALSE,0.000000,0.000000,TRUE,FALSE,TRUE,FALSE,FALSE,2,FALSE,18643,5.0,FALSE,2.3.1 Beta 4,90.000000,yak-40_v11,Aquila Volat ,2015.11.19 ,1,FALSE,0,0,0,FALSE,0.000000,FALSE,FALSE,FALSE,FALSE,0.000000,0,FALSE,FALSE
Walkaround,Camera 3,0,-8.259076,-0.296107,-7.617115,0.000000,0.233557,FALSE,FALSE,FALSE,FALSE,FALSE,TRUE,0,TRUE,FALSE,0.000000,0.000000,0.000000,0.000000,0.000000,0.000000,1.000000,80.000000,TRUE,TRUE,TRUE,FALSE,0.000000,0.000000,TRUE,FALSE,TRUE,FALSE,FALSE,2,FALSE,18643,5.0,FALSE,2.3.1 Beta 4,90.000000,yak-40_v11,Aquila Volat ,2015.11.19 ,1,FALSE,0,0,0,FALSE,0.000000,FALSE,FALSE,FALSE,FALSE,0.000000,0,FALSE,FALSE
Walkaround,Camera 4,0,-2.859080,-0.296107,-7.517115,0.000000,0.233557,FALSE,FALSE,FALSE,FALSE,FALSE,TRUE,0,TRUE,FALSE,0.000000,0.000000,0.000000,0.000000,0.000000,0.000000,1.000000,80.000000,TRUE,TRUE,TRUE,FALSE,0.000000,0.000000,TRUE,FALSE,TRUE,FALSE,FALSE,2,FALSE,18643,4.0,FALSE,2.3.1 Beta 4,90.000000,yak-40_v11,Aquila Volat ,2015.11.19 ,1,FALSE,0,0,0,FALSE,0.000000,FALSE,FALSE,FALSE,FALSE,0.000000,0,FALSE,FALSE
Walkaround,Camera 5,0,0.140919,-0.729440,-5.217117,0.000000,0.233557,FALSE,FALSE,FALSE,FALSE,FALSE,TRUE,0,TRUE,FALSE,0.000000,0.000000,0.000000,0.000000,0.000000,0.000000,1.000000,80.000000,TRUE,TRUE,TRUE,FALSE,0.000000,0.000000,TRUE,FALSE,TRUE,FALSE,FALSE,2,FALSE,18643,4.0,FALSE,2.3.1 Beta 4,90.000000,yak-40_v11,Aquila Volat ,2015.11.19 ,1,FALSE,0,0,0,FALSE,0.000000,FALSE,FALSE,FALSE,FALSE,0.000000,0,FALSE,FALSE
Walkaround,Camera 6,0,4.040918,0.003893,-5.217117,355.000000,0.233557,FALSE,FALSE,FALSE,FALSE,FALSE,TRUE,0,TRUE,FALSE,0.000000,0.000000,0.000000,0.000000,0.000000,0.000000,1.000000,80.000000,TRUE,TRUE,TRUE,FALSE,0.000000,0.000000,TRUE,FALSE,TRUE,FALSE,FALSE,2,FALSE,18643,7.0,FALSE,2.3.1 Beta 4,90.000000,yak-40_v11,Aquila Volat ,2015.11.19 ,1,FALSE,0,0,0,FALSE,0.000000,FALSE,FALSE,FALSE,FALSE,0.000000,0,FALSE,FALSE
Walkaround,Camera 7,0,8.440916,0.670560,0.282880,0.000000,0.233557,FALSE,FALSE,FALSE,FALSE,FALSE,TRUE,0,TRUE,FALSE,0.000000,0.000000,0.000000,0.000000,0.000000,0.000000,1.000000,80.000000,TRUE,TRUE,TRUE,FALSE,0.000000,0.000000,TRUE,FALSE,TRUE,FALSE,FALSE,2,FALSE,18643,7.0,FALSE,2.3.1 Beta 4,90.000000,yak-40_v11,Aquila Volat ,2015.11.19 ,1,FALSE,0,0,0,FALSE,0.000000,FALSE,FALSE,FALSE,FALSE,0.000000,0,FALSE,FALSE
Walkaround,Camera 8,0,8.440916,0.670560,8.382876,0.000000,0.233557,FALSE,FALSE,FALSE,FALSE,FALSE,TRUE,0,TRUE,FALSE,0.000000,0.000000,0.000000,0.000000,0.000000,0.000000,1.000000,80.000000,TRUE,TRUE,TRUE,FALSE,0.000000,0.000000,TRUE,FALSE,TRUE,FALSE,FALSE,2,FALSE,18643,7.0,FALSE,2.3.1 Beta 4,90.000000,yak-40_v11,Aquila Volat ,2015.11.19 ,1,FALSE,0,0,0,FALSE,0.000000,FALSE,FALSE,FALSE,FALSE,0.000000,0,FALSE,FALSE
Walkaround,Camera 9,0,-0.059080,0.670560,8.382876,0.000000,0.233557,FALSE,FALSE,FALSE,FALSE,FALSE,TRUE,0,TRUE,FALSE,0.000000,0.000000,0.000000,0.000000,0.000000,0.000000,1.000000,80.000000,TRUE,TRUE,TRUE,FALSE,0.000000,0.000000,TRUE,FALSE,TRUE,FALSE,FALSE,2,FALSE,18643,8.0,FALSE,2.3.1 Beta 4,90.000000,yak-40_v11,Aquila Volat ,2015.11.19 ,1,FALSE,0,0,0,FALSE,0.000000,FALSE,FALSE,FALSE,FALSE,0.000000,0,FALSE,FALSE
Walkaround,Camera 10,0,-11.459088,0.670560,8.382876,0.000000,0.233557,FALSE,FALSE,FALSE,FALSE,FALSE,TRUE,0,TRUE,FALSE,0.000000,0.000000,0.000000,0.000000,0.000000,0.000000,1.000000,80.000000,TRUE,TRUE,TRUE,FALSE,0.000000,0.000000,TRUE,FALSE,TRUE,FALSE,FALSE,2,FALSE,18643,9.0,FALSE,2.3.1 Beta 4,90.000000,yak-40_v11,Aquila Volat ,2015.11.19 ,1,FALSE,0,0,0,FALSE,0.000000,FALSE,FALSE,FALSE,FALSE,0.000000,0,FALSE,FALSE
Walkaround,Camera 11,0,-11.459088,0.670560,-3.217119,0.000000,0.233557,FALSE,FALSE,FALSE,FALSE,FALSE,TRUE,0,TRUE,FALSE,0.000000,0.000000,0.000000,0.000000,0.000000,0.000000,1.000000,80.000000,TRUE,TRUE,TRUE,FALSE,0.000000,0.000000,TRUE,FALSE,TRUE,FALSE,FALSE,2,FALSE,18643,8.0,FALSE,2.3.1 Beta 4,90.000000,yak-40_v11,Aquila Volat ,2015.11.19 ,1,FALSE,0,0,0,FALSE,0.000000,FALSE,FALSE,FALSE,FALSE,0.000000,0,FALSE,FALSE
Walkaround,Camera 12,0,-4.759079,0.670560,-3.017119,0.000000,0.233557,FALSE,FALSE,FALSE,FALSE,FALSE,TRUE,0,TRUE,FALSE,0.000000,0.000000,0.000000,0.000000,0.000000,0.000000,1.000000,80.000000,TRUE,TRUE,TRUE,FALSE,0.000000,0.000000,TRUE,FALSE,TRUE,FALSE,FALSE,2,FALSE,18643,5.0,FALSE,2.3.1 Beta 4,90.000000,yak-40_v11,Aquila Volat ,2015.11.19 ,1,FALSE,0,0,0,FALSE,0.000000,FALSE,FALSE,FALSE,FALSE,0.000000,0,FALSE,FALSE
Walkaround,Camera 13,0,-4.759079,-0.129440,0.582881,0.000000,0.233557,FALSE,FALSE,FALSE,FALSE,FALSE,TRUE,0,TRUE,FALSE,0.000000,0.000000,0.000000,0.000000,0.000000,0.000000,1.000000,80.000000,TRUE,TRUE,TRUE,FALSE,0.000000,0.000000,TRUE,FALSE,TRUE,FALSE,FALSE,2,FALSE,18643,3.0,FALSE,2.3.1 Beta 4,90.000000,yak-40_v11,Aquila Volat ,2015.11.19 ,1,FALSE,0,0,0,FALSE,0.000000,FALSE,FALSE,FALSE,FALSE,0.000000,0,FALSE,FALSE
Walkaround,Camera 14,0,-3.859079,-0.129440,0.582881,0.000000,0.233557,FALSE,FALSE,FALSE,FALSE,FALSE,TRUE,0,TRUE,FALSE,0.000000,0.000000,0.000000,0.000000,0.000000,0.000000,1.000000,80.000000,TRUE,TRUE,TRUE,FALSE,0.000000,0.000000,TRUE,FALSE,TRUE,FALSE,FALSE,2,FALSE,18643,2.0,FALSE,2.3.1 Beta 4,90.000000,yak-40_v11,Aquila Volat ,2015.11.19 ,1,FALSE,0,0,0,FALSE,0.000000,FALSE,FALSE,FALSE,FALSE,0.000000,0,FALSE,FALSE
Walkaround,Camera 15,0,-3.859079,-0.129440,3.282880,0.000000,0.233557,FALSE,FALSE,FALSE,FALSE,FALSE,TRUE,0,TRUE,FALSE,0.000000,0.000000,0.000000,0.000000,0.000000,0.000000,1.000000,80.000000,TRUE,TRUE,TRUE,FALSE,0.000000,0.000000,TRUE,FALSE,TRUE,FALSE,FALSE,2,FALSE,18643,3.0,FALSE,2.3.1 Beta 4,90.000000,yak-40_v11,Aquila Volat ,2015.11.19 ,1,FALSE,0,0,0,FALSE,0.000000,FALSE,FALSE,FALSE,FALSE,0.000000,0,FALSE,FALSE
Walkaround,Camera 16,0,-2.059081,0.470560,2.482881,0.000000,0.233557,FALSE,FALSE,FALSE,FALSE,FALSE,TRUE,0,TRUE,FALSE,0.000000,0.000000,0.000000,0.000000,0.000000,0.000000,1.000000,80.000000,TRUE,TRUE,TRUE,FALSE,0.000000,0.000000,TRUE,FALSE,TRUE,FALSE,FALSE,2,FALSE,18643,3.0,FALSE,2.3.1 Beta 4,90.000000,yak-40_v11,Aquila Volat ,2015.11.19 ,1,FALSE,0,0,0,FALSE,0.000000,FALSE,FALSE,FALSE,FALSE,0.000000,0,FALSE,FALSE
Walkaround,Camera 17,0,-2.059081,-0.029440,1.782881,0.000000,0.233557,FALSE,FALSE,FALSE,FALSE,FALSE,TRUE,0,TRUE,FALSE,0.000000,0.000000,0.000000,0.000000,0.000000,0.000000,1.000000,80.000000,TRUE,TRUE,TRUE,FALSE,0.000000,0.000000,TRUE,FALSE,TRUE,FALSE,FALSE,2,FALSE,18643,2.0,FALSE,2.3.1 Beta 4,90.000000,yak-40_v11,Aquila Volat ,2015.11.19 ,1,FALSE,0,0,0,FALSE,0.000000,FALSE,FALSE,FALSE,FALSE,0.000000,0,FALSE,FALSE
5-way Chase,Rear Close,0,0.040920,3.003892,8.982879,0.000000,341.510132,FALSE,FALSE,TRUE,FALSE,FALSE,TRUE,0,FALSE,FALSE,0.000000,0.000000,0.000000,0.000000,0.000000,0.000000,1.000000,90.000000,TRUE,FALSE,FALSE,TRUE,0.000000,0.000000,FALSE,FALSE,TRUE,FALSE,FALSE,2,FALSE,18643,1.0,FALSE,2.3.1 Beta 4,90.000000,yak-40_v11,Aquila Volat ,2015.11.19 ,2,FALSE,0,0,0,FALSE,0.000000,FALSE,FALSE,FALSE,FALSE,0.000000,0,FALSE,FALSE
5-way Chase,Rear Far,0,0.040920,8.870565,22.382929,0.000000,0.000000,FALSE,FALSE,TRUE,FALSE,FALSE,TRUE,0,FALSE,FALSE,0.000000,0.000000,0.000000,0.000000,0.000000,0.000000,1.000000,90.000000,TRUE,FALSE,FALSE,TRUE,0.000000,0.000000,FALSE,FALSE,TRUE,FALSE,FALSE,2,FALSE,18643,1.0,FALSE,2.3.1 Beta 4,90.000000,yak-40_v11,Aquila Volat ,2015.11.19 ,2,FALSE,0,0,0,FALSE,0.000000,FALSE,FALSE,FALSE,FALSE,0.000000,0,FALSE,FALSE
5-way Chase,Above,0,0.040920,15.337318,8.082874,0.000000,0.000000,FALSE,FALSE,TRUE,FALSE,FALSE,TRUE,0,FALSE,FALSE,0.000000,0.000000,0.000000,0.000000,0.000000,0.000000,1.000000,90.000000,TRUE,FALSE,FALSE,TRUE,0.000000,0.000000,FALSE,FALSE,TRUE,FALSE,FALSE,2,FALSE,18643,1.0,FALSE,2.3.1 Beta 4,90.000000,yak-40_v11,Aquila Volat ,2015.11.19 ,2,FALSE,0,0,0,FALSE,0.000000,FALSE,FALSE,FALSE,FALSE,0.000000,0,FALSE,FALSE
5-way Chase,Front Far,0,0.040921,8.070645,-38.917099,180.000000,0.000000,FALSE,FALSE,TRUE,FALSE,FALSE,TRUE,0,FALSE,FALSE,0.000000,0.000000,0.000000,0.000000,0.000000,0.000000,1.000000,90.000000,TRUE,FALSE,FALSE,TRUE,0.000000,0.000000,FALSE,FALSE,TRUE,FALSE,FALSE,3,FALSE,18643,1.0,FALSE,2.3.1 Beta 4,90.000000,yak-40_v11,Aquila Volat ,2015.11.19 ,2,FALSE,0,0,0,FALSE,0.000000,FALSE,FALSE,FALSE,FALSE,0.000000,0,FALSE,FALSE
5-way Chase,Front Close,0,0.040920,2.103893,-15.717113,180.000000,0.000000,FALSE,FALSE,TRUE,FALSE,FALSE,TRUE,0,FALSE,FALSE,0.000000,0.000000,0.000000,0.000000,0.000000,0.000000,1.000000,90.000000,TRUE,FALSE,FALSE,TRUE,0.000000,0.000000,FALSE,FALSE,TRUE,FALSE,FALSE,3,FALSE,18643,1.0,FALSE,2.3.1 Beta 4,90.000000,yak-40_v11,Aquila Volat ,2015.11.19 ,2,FALSE,0,0,0,FALSE,0.000000,FALSE,FALSE,FALSE,FALSE,0.000000,0,FALSE,FALSE
Action Cams,Tail,19,0.000920,4.743889,8.972866,0.000000,345.000000,FALSE,TRUE,TRUE,FALSE,FALSE,FALSE,0,FALSE,FALSE,0.000000,0.000000,0.000000,0.000000,0.000000,0.000000,1.000000,90.000000,TRUE,FALSE,FALSE,FALSE,0.000000,0.000000,FALSE,FALSE,TRUE,FALSE,FALSE,1,FALSE,18643,1.0,FALSE,2.3.1 Beta 4,90.000000,yak-40_v11,Aquila Volat ,2015.11.19 ,3,FALSE,0,0,0,FALSE,0.000000,FALSE,FALSE,FALSE,FALSE,0.000000,0,FALSE,FALSE
Action Cams,Belly,0,0.000920,-1.367778,6.942863,0.000000,340.000000,FALSE,TRUE,TRUE,FALSE,FALSE,FALSE,0,FALSE,FALSE,0.000000,0.000000,0.000000,0.000000,0.000000,0.000000,1.000000,90.000000,TRUE,FALSE,FALSE,FALSE,0.000000,0.000000,FALSE,FALSE,TRUE,FALSE,FALSE,2,FALSE,18643,1.0,FALSE,2.3.1 Beta 4,90.000000,yak-40_v11,Aquila Volat ,2015.11.19 ,3,FALSE,0,0,0,FALSE,0.000000,FALSE,FALSE,FALSE,FALSE,0.000000,0,FALSE,FALSE
Action Cams,Straight Down,0,-0.003209,-1.167778,-4.652945,0.000000,300.000000,FALSE,TRUE,TRUE,FALSE,FALSE,FALSE,0,FALSE,FALSE,0.000000,0.000000,0.000000,0.000000,0.000000,0.000000,1.000000,90.000000,TRUE,FALSE,FALSE,FALSE,0.000000,0.000000,FALSE,FALSE,TRUE,FALSE,FALSE,2,FALSE,18643,1.0,FALSE,2.3.1 Beta 4,90.000000,yak-40_v11,Aquila Volat ,2015.11.19 ,3,FALSE,0,0,0,FALSE,0.000000,FALSE,FALSE,FALSE,FALSE,0.000000,0,FALSE,FALSE
Action Cams,Nose,0,0.000921,1.532221,-12.357144,180.000000,335.000000,FALSE,TRUE,TRUE,FALSE,FALSE,FALSE,0,FALSE,FALSE,0.000000,0.000000,0.000000,0.000000,0.000000,0.000000,1.000000,90.000000,TRUE,FALSE,FALSE,FALSE,0.000000,0.000000,FALSE,FALSE,TRUE,FALSE,FALSE,2,FALSE,18643,1.0,FALSE,2.3.1 Beta 4,90.000000,yak-40_v11,Aquila Volat ,2015.11.19 ,3,FALSE,0,0,0,FALSE,0.000000,FALSE,FALSE,FALSE,FALSE,0.000000,0,FALSE,FALSE
Action Cams,Port Wing,0,-15.170609,0.865555,-0.434256,96.000000,350.000000,FALSE,TRUE,TRUE,FALSE,FALSE,FALSE,0,FALSE,FALSE,0.000000,0.000000,0.000000,0.000000,0.000000,0.000000,1.000000,90.000000,TRUE,FALSE,FALSE,FALSE,0.000000,0.000000,FALSE,FALSE,TRUE,FALSE,FALSE,2,FALSE,18643,1.0,FALSE,2.3.1 Beta 4,90.000000,yak-40_v11,Aquila Volat ,2015.11.19 ,3,FALSE,0,0,0,FALSE,0.000000,FALSE,FALSE,FALSE,FALSE,0.000000,0,FALSE,FALSE
Action Cams,Starboard Wing,0,14.013981,0.865555,0.125218,266.000000,352.000000,FALSE,TRUE,TRUE,FALSE,FALSE,FALSE,0,FALSE,FALSE,0.000000,0.000000,0.000000,0.000000,0.000000,0.000000,1.000000,90.000000,TRUE,FALSE,FALSE,FALSE,0.000000,0.000000,FALSE,FALSE,TRUE,FALSE,FALSE,2,FALSE,18643,1.0,FALSE,2.3.1 Beta 4,90.000000,yak-40_v11,Aquila Volat ,2015.11.19 ,3,FALSE,0,0,0,FALSE,0.000000,FALSE,FALSE,FALSE,FALSE,0.000000,0,FALSE,FALSE
Orbit_1,Orbit_1 - 0,18,15.000000,0.000000,0.000000,270.000000,0.000000,FALSE,FALSE,FALSE,FALSE,FALSE,TRUE,0,TRUE,FALSE,0.000000,0.000000,0.000000,0.000000,0.000000,0.000000,1.000000,90.000000,FALSE,TRUE,TRUE,TRUE,0.000000,0.000000,FALSE,FALSE,TRUE,FALSE,FALSE,2,FALSE,18643,0.0,FALSE,2.3.1 Beta 4,90.000000,yak-40_v11,Aquila Volat ,2015.11.19 ,4,FALSE,0,0,0,FALSE,0.000000,FALSE,FALSE,FALSE,FALSE,0.000000,0,FALSE,FALSE
Orbit_1,Orbit_1 - 1,0,14.772117,0.520945,-2.604722,260.000000,0.000000,FALSE,FALSE,FALSE,FALSE,FALSE,TRUE,0,TRUE,FALSE,0.000000,0.000000,0.000000,0.000000,0.000000,0.000000,1.000000,90.000000,FALSE,TRUE,TRUE,TRUE,0.000000,0.000000,FALSE,FALSE,TRUE,FALSE,FALSE,2,FALSE,18643,1.2,TRUE,2.3.1 Beta 4,90.000000,yak-40_v11,Aquila Volat ,2015.11.19 ,4,FALSE,0,0,0,FALSE,0.000000,FALSE,FALSE,FALSE,FALSE,0.000000,0,FALSE,FALSE
Orbit_1,Orbit_1 - 2,0,14.095390,1.026060,-5.130301,250.000000,0.000000,FALSE,FALSE,FALSE,FALSE,FALSE,TRUE,0,TRUE,FALSE,0.000000,0.000000,0.000000,0.000000,0.000000,0.000000,1.000000,90.000000,FALSE,TRUE,TRUE,TRUE,0.000000,0.000000,FALSE,FALSE,TRUE,FALSE,FALSE,2,FALSE,18643,1.2,TRUE,2.3.1 Beta 4,90.000000,yak-40_v11,Aquila Volat ,2015.11.19 ,4,FALSE,0,0,0,FALSE,0.000000,FALSE,FALSE,FALSE,FALSE,0.000000,0,FALSE,FALSE
Orbit_1,Orbit_1 - 3,0,12.990381,1.500000,-7.499999,240.000000,0.000000,FALSE,FALSE,FALSE,FALSE,FALSE,TRUE,0,TRUE,FALSE,0.000000,0.000000,0.000000,0.000000,0.000000,0.000000,1.000000,90.000000,FALSE,TRUE,TRUE,TRUE,0.000000,0.000000,FALSE,FALSE,TRUE,FALSE,FALSE,2,FALSE,18643,1.2,TRUE,2.3.1 Beta 4,90.000000,yak-40_v11,Aquila Volat ,2015.11.19 ,4,FALSE,0,0,0,FALSE,0.000000,FALSE,FALSE,FALSE,FALSE,0.000000,0,FALSE,FALSE
Orbit_1,Orbit_1 - 4,0,11.490668,1.928363,-9.641812,230.000000,0.000000,FALSE,FALSE,FALSE,FALSE,FALSE,TRUE,0,TRUE,FALSE,0.000000,0.000000,0.000000,0.000000,0.000000,0.000000,1.000000,90.000000,FALSE,TRUE,TRUE,TRUE,0.000000,0.000000,FALSE,FALSE,TRUE,FALSE,FALSE,2,FALSE,18643,1.2,TRUE,2.3.1 Beta 4,90.000000,yak-40_v11,Aquila Volat ,2015.11.19 ,4,FALSE,0,0,0,FALSE,0.000000,FALSE,FALSE,FALSE,FALSE,0.000000,0,FALSE,FALSE
Orbit_1,Orbit_1 - 5,0,9.641813,2.298133,-11.490667,220.000000,0.000000,FALSE,FALSE,FALSE,FALSE,FALSE,TRUE,0,TRUE,FALSE,0.000000,0.000000,0.000000,0.000000,0.000000,0.000000,1.000000,90.000000,FALSE,TRUE,TRUE,TRUE,0.000000,0.000000,FALSE,FALSE,TRUE,FALSE,FALSE,2,FALSE,18643,1.2,TRUE,2.3.1 Beta 4,90.000000,yak-40_v11,Aquila Volat ,2015.11.19 ,4,FALSE,0,0,0,FALSE,0.000000,FALSE,FALSE,FALSE,FALSE,0.000000,0,FALSE,FALSE
Orbit_1,Orbit_1 - 6,0,7.500000,2.598076,-12.990381,210.000000,0.000000,FALSE,FALSE,FALSE,FALSE,FALSE,TRUE,0,TRUE,FALSE,0.000000,0.000000,0.000000,0.000000,0.000000,0.000000,1.000000,90.000000,FALSE,TRUE,TRUE,TRUE,0.000000,0.000000,FALSE,FALSE,TRUE,FALSE,FALSE,2,FALSE,18643,1.2,TRUE,2.3.1 Beta 4,90.000000,yak-40_v11,Aquila Volat ,2015.11.19 ,4,FALSE,0,0,0,FALSE,0.000000,FALSE,FALSE,FALSE,FALSE,0.000000,0,FALSE,FALSE
Orbit_1,Orbit_1 - 7,0,5.130302,2.819078,-14.095389,200.000000,0.000000,FALSE,FALSE,FALSE,FALSE,FALSE,TRUE,0,TRUE,FALSE,0.000000,0.000000,0.000000,0.000000,0.000000,0.000000,1.000000,90.000000,FALSE,TRUE,TRUE,TRUE,0.000000,0.000000,FALSE,FALSE,TRUE,FALSE,FALSE,2,FALSE,18643,1.2,TRUE,2.3.1 Beta 4,90.000000,yak-40_v11,Aquila Volat ,2015.11.19 ,4,FALSE,0,0,0,FALSE,0.000000,FALSE,FALSE,FALSE,FALSE,0.000000,0,FALSE,FALSE
Orbit_1,Orbit_1 - 8,0,2.604723,2.954423,-14.772116,190.000000,0.000000,FALSE,FALSE,FALSE,FALSE,FALSE,TRUE,0,TRUE,FALSE,0.000000,0.000000,0.000000,0.000000,0.000000,0.000000,1.000000,90.000000,FALSE,TRUE,TRUE,TRUE,0.000000,0.000000,FALSE,FALSE,TRUE,FALSE,FALSE,2,FALSE,18643,1.2,TRUE,2.3.1 Beta 4,90.000000,yak-40_v11,Aquila Volat ,2015.11.19 ,4,FALSE,0,0,0,FALSE,0.000000,FALSE,FALSE,FALSE,FALSE,0.000000,0,FALSE,FALSE
Orbit_1,Orbit_1 - 9,0,0.000001,3.000000,-15.000000,180.000000,0.000000,FALSE,FALSE,FALSE,FALSE,FALSE,TRUE,0,TRUE,FALSE,0.000000,0.000000,0.000000,0.000000,0.000000,0.000000,1.000000,90.000000,FALSE,TRUE,TRUE,TRUE,0.000000,0.000000,FALSE,FALSE,TRUE,FALSE,FALSE,2,FALSE,18643,1.2,TRUE,2.3.1 Beta 4,90.000000,yak-40_v11,Aquila Volat ,2015.11.19 ,4,FALSE,0,0,0,FALSE,0.000000,FALSE,FALSE,FALSE,FALSE,0.000000,0,FALSE,FALSE
Orbit_1,Orbit_1 - 10,0,-2.604724,2.954423,-14.772116,170.000000,0.000000,FALSE,FALSE,FALSE,FALSE,FALSE,TRUE,0,TRUE,FALSE,0.000000,0.000000,0.000000,0.000000,0.000000,0.000000,1.000000,90.000000,FALSE,TRUE,TRUE,TRUE,0.000000,0.000000,FALSE,FALSE,TRUE,FALSE,FALSE,2,FALSE,18643,1.2,TRUE,2.3.1 Beta 4,90.000000,yak-40_v11,Aquila Volat ,2015.11.19 ,4,FALSE,0,0,0,FALSE,0.000000,FALSE,FALSE,FALSE,FALSE,0.000000,0,FALSE,FALSE
Orbit_1,Orbit_1 - 11,0,-5.130303,2.819078,-14.095389,160.000000,0.000000,FALSE,FALSE,FALSE,FALSE,FALSE,TRUE,0,TRUE,FALSE,0.000000,0.000000,0.000000,0.000000,0.000000,0.000000,1.000000,90.000000,FALSE,TRUE,TRUE,TRUE,0.000000,0.000000,FALSE,FALSE,TRUE,FALSE,FALSE,2,FALSE,18643,1.2,TRUE,2.3.1 Beta 4,90.000000,yak-40_v11,Aquila Volat ,2015.11.19 ,4,FALSE,0,0,0,FALSE,0.000000,FALSE,FALSE,FALSE,FALSE,0.000000,0,FALSE,FALSE
Orbit_1,Orbit_1 - 12,0,-7.500001,2.598076,-12.990381,150.000000,0.000000,FALSE,FALSE,FALSE,FALSE,FALSE,TRUE,0,TRUE,FALSE,0.000000,0.000000,0.000000,0.000000,0.000000,0.000000,1.000000,90.000000,FALSE,TRUE,TRUE,TRUE,0.000000,0.000000,FALSE,FALSE,TRUE,FALSE,FALSE,2,FALSE,18643,1.2,TRUE,2.3.1 Beta 4,90.000000,yak-40_v11,Aquila Volat ,2015.11.19 ,4,FALSE,0,0,0,FALSE,0.000000,FALSE,FALSE,FALSE,FALSE,0.000000,0,FALSE,FALSE
Orbit_1,Orbit_1 - 13,0,-9.641814,2.298133,-11.490666,140.000000,0.000000,FALSE,FALSE,FALSE,FALSE,FALSE,TRUE,0,TRUE,FALSE,0.000000,0.000000,0.000000,0.000000,0.000000,0.000000,1.000000,90.000000,FALSE,TRUE,TRUE,TRUE,0.000000,0.000000,FALSE,FALSE,TRUE,FALSE,FALSE,2,FALSE,18643,1.2,TRUE,2.3.1 Beta 4,90.000000,yak-40_v11,Aquila Volat ,2015.11.19 ,4,FALSE,0,0,0,FALSE,0.000000,FALSE,FALSE,FALSE,FALSE,0.000000,0,FALSE,FALSE
Orbit_1,Orbit_1 - 14,0,-11.490666,1.928363,-9.641814,130.000000,0.000000,FALSE,FALSE,FALSE,FALSE,FALSE,TRUE,0,TRUE,FALSE,0.000000,0.000000,0.000000,0.000000,0.000000,0.000000,1.000000,90.000000,FALSE,TRUE,TRUE,TRUE,0.000000,0.000000,FALSE,FALSE,TRUE,FALSE,FALSE,2,FALSE,18643,1.2,TRUE,2.3.1 Beta 4,90.000000,yak-40_v11,Aquila Volat ,2015.11.19 ,4,FALSE,0,0,0,FALSE,0.000000,FALSE,FALSE,FALSE,FALSE,0.000000,0,FALSE,FALSE
Orbit_1,Orbit_1 - 15,0,-12.990381,1.500000,-7.500001,120.000000,0.000000,FALSE,FALSE,FALSE,FALSE,FALSE,TRUE,0,TRUE,FALSE,0.000000,0.000000,0.000000,0.000000,0.000000,0.000000,1.000000,90.000000,FALSE,TRUE,TRUE,TRUE,0.000000,0.000000,FALSE,FALSE,TRUE,FALSE,FALSE,2,FALSE,18643,1.2,TRUE,2.3.1 Beta 4,90.000000,yak-40_v11,Aquila Volat ,2015.11.19 ,4,FALSE,0,0,0,FALSE,0.000000,FALSE,FALSE,FALSE,FALSE,0.000000,0,FALSE,FALSE
Orbit_1,Orbit_1 - 16,0,-14.095389,1.026061,-5.130302,110.000000,0.000000,FALSE,FALSE,FALSE,FALSE,FALSE,TRUE,0,TRUE,FALSE,0.000000,0.000000,0.000000,0.000000,0.000000,0.000000,1.000000,90.000000,FALSE,TRUE,TRUE,TRUE,0.000000,0.000000,FALSE,FALSE,TRUE,FALSE,FALSE,2,FALSE,18643,1.2,TRUE,2.3.1 Beta 4,90.000000,yak-40_v11,Aquila Volat ,2015.11.19 ,4,FALSE,0,0,0,FALSE,0.000000,FALSE,FALSE,FALSE,FALSE,0.000000,0,FALSE,FALSE
Orbit_1,Orbit_1 - 17,0,-14.772116,0.520945,-2.604723,100.000000,0.000000,FALSE,FALSE,FALSE,FALSE,FALSE,TRUE,0,TRUE,FALSE,0.000000,0.000000,0.000000,0.000000,0.000000,0.000000,1.000000,90.000000,FALSE,TRUE,TRUE,TRUE,0.000000,0.000000,FALSE,FALSE,TRUE,FALSE,FALSE,2,FALSE,18643,1.2,TRUE,2.3.1 Beta 4,90.000000,yak-40_v11,Aquila Volat ,2015.11.19 ,4,FALSE,0,0,0,FALSE,0.000000,FALSE,FALSE,FALSE,FALSE,0.000000,0,FALSE,FALSE
Orbit_1,Orbit_1 - 18,0,-15.000000,0.000000,-0.000001,90.000000,0.000000,FALSE,FALSE,FALSE,FALSE,FALSE,TRUE,0,TRUE,FALSE,0.000000,0.000000,0.000000,0.000000,0.000000,0.000000,1.000000,90.000000,FALSE,TRUE,TRUE,TRUE,0.000000,0.000000,FALSE,FALSE,TRUE,FALSE,FALSE,2,FALSE,18643,1.2,TRUE,2.3.1 Beta 4,90.000000,yak-40_v11,Aquila Volat ,2015.11.19 ,4,FALSE,0,0,0,FALSE,0.000000,FALSE,FALSE,FALSE,FALSE,0.000000,0,FALSE,FALSE
Orbit_1,Orbit_1 - 19,0,-14.772116,-0.520945,2.604723,80.000000,0.000000,FALSE,FALSE,FALSE,FALSE,FALSE,TRUE,0,TRUE,FALSE,0.000000,0.000000,0.000000,0.000000,0.000000,0.000000,1.000000,90.000000,FALSE,TRUE,TRUE,TRUE,0.000000,0.000000,FALSE,FALSE,TRUE,FALSE,FALSE,2,FALSE,18643,1.2,TRUE,2.3.1 Beta 4,90.000000,yak-40_v11,Aquila Volat ,2015.11.19 ,4,FALSE,0,0,0,FALSE,0.000000,FALSE,FALSE,FALSE,FALSE,0.000000,0,FALSE,FALSE
Orbit_1,Orbit_1 - 20,0,-14.095389,-1.026060,5.130302,70.000000,0.000000,FALSE,FALSE,FALSE,FALSE,FALSE,TRUE,0,TRUE,FALSE,0.000000,0.000000,0.000000,0.000000,0.000000,0.000000,1.000000,90.000000,FALSE,TRUE,TRUE,TRUE,0.000000,0.000000,FALSE,FALSE,TRUE,FALSE,FALSE,2,FALSE,18643,1.2,TRUE,2.3.1 Beta 4,90.000000,yak-40_v11,Aquila Volat ,2015.11.19 ,4,FALSE,0,0,0,FALSE,0.000000,FALSE,FALSE,FALSE,FALSE,0.000000,0,FALSE,FALSE
Orbit_1,Orbit_1 - 21,0,-12.990381,-1.500000,7.500000,60.000000,0.000000,FALSE,FALSE,FALSE,FALSE,FALSE,TRUE,0,TRUE,FALSE,0.000000,0.000000,0.000000,0.000000,0.000000,0.000000,1.000000,90.000000,FALSE,TRUE,TRUE,TRUE,0.000000,0.000000,FALSE,FALSE,TRUE,FALSE,FALSE,2,FALSE,18643,1.2,TRUE,2.3.1 Beta 4,90.000000,yak-40_v11,Aquila Volat ,2015.11.19 ,4,FALSE,0,0,0,FALSE,0.000000,FALSE,FALSE,FALSE,FALSE,0.000000,0,FALSE,FALSE
Orbit_1,Orbit_1 - 22,0,-11.490666,-1.728363,9.641814,50.000000,0.000000,FALSE,FALSE,FALSE,FALSE,FALSE,TRUE,0,TRUE,FALSE,0.000000,0.000000,0.000000,0.000000,0.000000,0.000000,1.000000,90.000000,FALSE,TRUE,TRUE,TRUE,0.000000,0.000000,FALSE,FALSE,TRUE,FALSE,FALSE,2,FALSE,18643,1.2,TRUE,2.3.1 Beta 4,90.000000,yak-40_v11,Aquila Volat ,2015.11.19 ,4,FALSE,0,0,0,FALSE,0.000000,FALSE,FALSE,FALSE,FALSE,0.000000,0,FALSE,FALSE
Orbit_1,Orbit_1 - 23,0,-9.641813,-2.098134,11.490666,40.000000,0.000000,FALSE,FALSE,FALSE,FALSE,FALSE,TRUE,0,TRUE,FALSE,0.000000,0.000000,0.000000,0.000000,0.000000,0.000000,1.000000,90.000000,FALSE,TRUE,TRUE,TRUE,0.000000,0.000000,FALSE,FALSE,TRUE,FALSE,FALSE,2,FALSE,18643,1.2,TRUE,2.3.1 Beta 4,90.000000,yak-40_v11,Aquila Volat ,2015.11.19 ,4,FALSE,0,0,0,FALSE,0.000000,FALSE,FALSE,FALSE,FALSE,0.000000,0,FALSE,FALSE
Orbit_1,Orbit_1 - 24,0,-7.500000,-2.298076,12.990381,30.000000,0.000000,FALSE,FALSE,FALSE,FALSE,FALSE,TRUE,0,TRUE,FALSE,0.000000,0.000000,0.000000,0.000000,0.000000,0.000000,1.000000,90.000000,FALSE,TRUE,TRUE,TRUE,0.000000,0.000000,FALSE,FALSE,TRUE,FALSE,FALSE,2,FALSE,18643,1.2,TRUE,2.3.1 Beta 4,90.000000,yak-40_v11,Aquila Volat ,2015.11.19 ,4,FALSE,0,0,0,FALSE,0.000000,FALSE,FALSE,FALSE,FALSE,0.000000,0,FALSE,FALSE
Orbit_1,Orbit_1 - 25,0,-5.130302,-2.319078,14.095389,20.000000,0.000000,FALSE,FALSE,FALSE,FALSE,FALSE,TRUE,0,TRUE,FALSE,0.000000,0.000000,0.000000,0.000000,0.000000,0.000000,1.000000,90.000000,FALSE,TRUE,TRUE,TRUE,0.000000,0.000000,FALSE,FALSE,TRUE,FALSE,FALSE,2,FALSE,18643,1.2,TRUE,2.3.1 Beta 4,90.000000,yak-40_v11,Aquila Volat ,2015.11.19 ,4,FALSE,0,0,0,FALSE,0.000000,FALSE,FALSE,FALSE,FALSE,0.000000,0,FALSE,FALSE
Orbit_1,Orbit_1 - 26,0,-2.604723,-2.254424,14.772116,10.000000,0.000000,FALSE,FALSE,FALSE,FALSE,FALSE,TRUE,0,TRUE,FALSE,0.000000,0.000000,0.000000,0.000000,0.000000,0.000000,1.000000,90.000000,FALSE,TRUE,TRUE,TRUE,0.000000,0.000000,FALSE,FALSE,TRUE,FALSE,FALSE,2,FALSE,18643,1.2,TRUE,2.3.1 Beta 4,90.000000,yak-40_v11,Aquila Volat ,2015.11.19 ,4,FALSE,0,0,0,FALSE,0.000000,FALSE,FALSE,FALSE,FALSE,0.000000,0,FALSE,FALSE
Orbit_1,Orbit_1 - 27,0,0.000000,-2.300001,15.000000,0.000000,0.000000,FALSE,FALSE,FALSE,FALSE,FALSE,TRUE,0,TRUE,FALSE,0.000000,0.000000,0.000000,0.000000,0.000000,0.000000,1.000000,90.000000,FALSE,TRUE,TRUE,TRUE,0.000000,0.000000,FALSE,FALSE,TRUE,FALSE,FALSE,2,FALSE,18643,1.2,TRUE,2.3.1 Beta 4,90.000000,yak-40_v11,Aquila Volat ,2015.11.19 ,4,FALSE,0,0,0,FALSE,0.000000,FALSE,FALSE,FALSE,FALSE,0.000000,0,FALSE,FALSE
Orbit_1,Orbit_1 - 28,0,2.604727,-2.254424,14.772116,350.000000,0.000000,FALSE,FALSE,FALSE,FALSE,FALSE,TRUE,0,TRUE,FALSE,0.000000,0.000000,0.000000,0.000000,0.000000,0.000000,1.000000,90.000000,FALSE,TRUE,TRUE,TRUE,0.000000,0.000000,FALSE,FALSE,TRUE,FALSE,FALSE,2,FALSE,18643,1.2,TRUE,2.3.1 Beta 4,90.000000,yak-40_v11,Aquila Volat ,2015.11.19 ,4,FALSE,0,0,0,FALSE,0.000000,FALSE,FALSE,FALSE,FALSE,0.000000,0,FALSE,FALSE
Orbit_1,Orbit_1 - 29,0,5.130305,-2.219079,14.095388,340.000000,0.000000,FALSE,FALSE,FALSE,FALSE,FALSE,TRUE,0,TRUE,FALSE,0.000000,0.000000,0.000000,0.000000,0.000000,0.000000,1.000000,90.000000,FALSE,TRUE,TRUE,TRUE,0.000000,0.000000,FALSE,FALSE,TRUE,FALSE,FALSE,2,FALSE,18643,1.2,TRUE,2.3.1 Beta 4,90.000000,yak-40_v11,Aquila Volat ,2015.11.19 ,4,FALSE,0,0,0,FALSE,0.000000,FALSE,FALSE,FALSE,FALSE,0.000000,0,FALSE,FALSE
Orbit_1,Orbit_1 - 30,0,7.500003,-2.298076,12.990380,330.000000,0.000000,FALSE,FALSE,FALSE,FALSE,FALSE,TRUE,0,TRUE,FALSE,0.000000,0.000000,0.000000,0.000000,0.000000,0.000000,1.000000,90.000000,FALSE,TRUE,TRUE,TRUE,0.000000,0.000000,FALSE,FALSE,TRUE,FALSE,FALSE,2,FALSE,18643,1.2,TRUE,2.3.1 Beta 4,90.000000,yak-40_v11,Aquila Volat ,2015.11.19 ,4,FALSE,0,0,0,FALSE,0.000000,FALSE,FALSE,FALSE,FALSE,0.000000,0,FALSE,FALSE
Orbit_1,Orbit_1 - 31,0,9.641816,-2.298133,11.490664,320.000000,0.000000,FALSE,FALSE,FALSE,FALSE,FALSE,TRUE,0,TRUE,FALSE,0.000000,0.000000,0.000000,0.000000,0.000000,0.000000,1.000000,90.000000,FALSE,TRUE,TRUE,TRUE,0.000000,0.000000,FALSE,FALSE,TRUE,FALSE,FALSE,2,FALSE,18643,1.2,TRUE,2.3.1 Beta 4,90.000000,yak-40_v11,Aquila Volat ,2015.11.19 ,4,FALSE,0,0,0,FALSE,0.000000,FALSE,FALSE,FALSE,FALSE,0.000000,0,FALSE,FALSE
Orbit_1,Orbit_1 - 32,0,11.490667,-1.928363,9.641812,310.000000,0.000000,FALSE,FALSE,FALSE,FALSE,FALSE,TRUE,0,TRUE,FALSE,0.000000,0.000000,0.000000,0.000000,0.000000,0.000000,1.000000,90.000000,FALSE,TRUE,TRUE,TRUE,0.000000,0.000000,FALSE,FALSE,TRUE,FALSE,FALSE,2,FALSE,18643,1.2,TRUE,2.3.1 Beta 4,90.000000,yak-40_v11,Aquila Volat ,2015.11.19 ,4,FALSE,0,0,0,FALSE,0.000000,FALSE,FALSE,FALSE,FALSE,0.000000,0,FALSE,FALSE
Orbit_1,Orbit_1 - 33,0,12.990381,-1.500000,7.499999,300.000000,0.000000,FALSE,FALSE,FALSE,FALSE,FALSE,TRUE,0,TRUE,FALSE,0.000000,0.000000,0.000000,0.000000,0.000000,0.000000,1.000000,90.000000,FALSE,TRUE,TRUE,TRUE,0.000000,0.000000,FALSE,FALSE,TRUE,FALSE,FALSE,2,FALSE,18643,1.2,TRUE,2.3.1 Beta 4,90.000000,yak-40_v11,Aquila Volat ,2015.11.19 ,4,FALSE,0,0,0,FALSE,0.000000,FALSE,FALSE,FALSE,FALSE,0.000000,0,FALSE,FALSE
Orbit_1,Orbit_1 - 34,0,14.095389,-1.026061,5.130301,290.000000,0.000000,FALSE,FALSE,FALSE,FALSE,FALSE,TRUE,0,TRUE,FALSE,0.000000,0.000000,0.000000,0.000000,0.000000,0.000000,1.000000,90.000000,FALSE,TRUE,TRUE,TRUE,0.000000,0.000000,FALSE,FALSE,TRUE,FALSE,FALSE,2,FALSE,18643,1.2,TRUE,2.3.1 Beta 4,90.000000,yak-40_v11,Aquila Volat ,2015.11.19 ,4,FALSE,0,0,0,FALSE,0.000000,FALSE,FALSE,FALSE,FALSE,0.000000,0,FALSE,FALSE
Orbit_1,Orbit_1 - 35,0,14.772116,-0.520945,2.604722,280.000000,0.000000,FALSE,FALSE,FALSE,FALSE,FALSE,TRUE,0,TRUE,FALSE,0.000000,0.000000,0.000000,0.000000,0.000000,0.000000,1.000000,90.000000,FALSE,TRUE,TRUE,TRUE,0.000000,0.000000,FALSE,FALSE,TRUE,FALSE,FALSE,2,FALSE,18643,1.2,TRUE,2.3.1 Beta 4,90.000000,yak-40_v11,Aquila Volat ,2015.11.19 ,4,FALSE,0,0,0,FALSE,0.000000,FALSE,FALSE,FALSE,FALSE,0.000000,0,FALSE,FALSE
Orbit_1,Orbit_1 - 36,0,15.000000,0.000000,0.000000,270.000000,0.000000,FALSE,FALSE,FALSE,FALSE,FALSE,TRUE,0,TRUE,FALSE,0.000000,0.000000,0.000000,0.000000,0.000000,0.000000,1.000000,90.000000,FALSE,TRUE,TRUE,TRUE,0.000000,0.000000,FALSE,FALSE,TRUE,FALSE,FALSE,2,FALSE,18643,1.2,TRUE,2.3.1 Beta 4,90.000000,yak-40_v11,Aquila Volat ,2015.11.19 ,4,FALSE,0,0,0,FALSE,0.000000,FALSE,FALSE,FALSE,FALSE,0.000000,0,FALSE,FALSE
FlyBy_1,FlyBy_1 - 0,17,6.587925,35.000000,-256.201935,170.000000,0.000000,FALSE,FALSE,FALSE,FALSE,FALSE,FALSE,0,TRUE,FALSE,0.000000,0.000000,0.000000,0.000000,0.000000,0.000000,1.000000,90.000000,FALSE,FALSE,TRUE,TRUE,0.000000,0.000000,FALSE,FALSE,TRUE,FALSE,FALSE,2,FALSE,18643,0.0,FALSE,2.3.1 Beta 4,90.000000,yak-40_v11,Aquila Volat ,2015.11.19 ,5,FALSE,0,0,0,FALSE,0.000000,FALSE,FALSE,FALSE,FALSE,0.000000,0,FALSE,FALSE
FlyBy_1,FlyBy_1 - 1,0,93.412109,-15.000000,236.201935,350.000000,0.000000,FALSE,FALSE,FALSE,FALSE,FALSE,TRUE,0,FALSE,FALSE,0.000000,0.000000,0.000000,0.000000,0.000000,0.000000,1.000000,90.000000,FALSE,FALSE,TRUE,TRUE,0.000000,0.000000,FALSE,FALSE,TRUE,FALSE,FALSE,2,FALSE,18643,30.0,TRUE,2.3.1 Beta 4,90.000000,yak-40_v11,Aquila Volat ,2015.11.19 ,5,FALSE,0,0,0,FALSE,0.000000,FALSE,FALSE,FALSE,FALSE,0.000000,0,FALSE,FALSE
Cabin,Left Seat,20,-0.890680,0.368893,-2.918096,284.494873,336.093750,FALSE,TRUE,TRUE,TRUE,TRUE,FALSE,0,FALSE,FALSE,0.000000,0.000000,0.000000,0.000000,0.000000,0.000000,1.000000,90.000000,TRUE,FALSE,FALSE,FALSE,0.000000,0.000000,FALSE,FALSE,FALSE,FALSE,FALSE,1,FALSE,18643,1.0,FALSE,2.3.1 Beta 4,90.000000,yak-40_v11,Aquila Volat ,2015.11.19 ,6,FALSE,0,0,0,FALSE,0.000000,FALSE,FALSE,FALSE,FALSE,0.000000,0,FALSE,FALSE
Cabin,Right Window,0,0.883265,0.198893,-0.507526,60.000000,0.000000,FALSE,TRUE,TRUE,TRUE,TRUE,FALSE,0,FALSE,FALSE,0.000000,0.000000,0.000000,0.000000,0.000000,0.000000,1.000000,90.000000,TRUE,FALSE,FALSE,FALSE,0.000000,0.000000,FALSE,FALSE,FALSE,FALSE,FALSE,2,FALSE,18643,1.0,FALSE,2.3.1 Beta 4,90.000000,yak-40_v11,Aquila Volat ,2015.11.19 ,6,FALSE,0,0,0,FALSE,0.000000,FALSE,FALSE,FALSE,FALSE,0.000000,0,FALSE,FALSE
OrbitClose,OrbitClose - 0,0,14.100016,1.000000,0.000000,270.000000,0.000000,FALSE,FALSE,FALSE,FALSE,FALSE,TRUE,0,TRUE,FALSE,0.000000,0.000000,0.000000,0.000000,0.000000,0.000000,1.000000,95.000000,FALSE,TRUE,TRUE,TRUE,0.000000,0.000000,FALSE,FALSE,TRUE,FALSE,FALSE,2,FALSE,18643,0.0,FALSE,2.3.1 Beta 4,90.000000,yak-40_v11,Aquila Volat ,2015.11.19 ,7,FALSE,0,0,0,FALSE,0.000000,FALSE,FALSE,FALSE,FALSE,0.000000,0,FALSE,FALSE
OrbitClose,OrbitClose - 1,0,13.294919,-0.520945,2.344249,280.000000,0.000000,FALSE,FALSE,FALSE,FALSE,FALSE,TRUE,0,TRUE,FALSE,0.000000,0.000000,0.000000,0.000000,0.000000,0.000000,1.000000,95.000000,FALSE,TRUE,TRUE,TRUE,0.000000,0.000000,FALSE,FALSE,TRUE,FALSE,FALSE,2,FALSE,18643,0.8,TRUE,2.3.1 Beta 4,90.000000,yak-40_v11,Aquila Volat ,2015.11.19 ,7,FALSE,0,0,0,FALSE,0.000000,FALSE,FALSE,FALSE,FALSE,0.000000,0,FALSE,FALSE
OrbitClose,OrbitClose - 2,0,11.840129,-1.026061,4.309455,290.000000,0.000000,FALSE,FALSE,FALSE,FALSE,FALSE,TRUE,0,TRUE,FALSE,0.000000,0.000000,0.000000,0.000000,0.000000,0.000000,1.000000,95.000000,FALSE,TRUE,TRUE,TRUE,0.000000,0.000000,FALSE,FALSE,TRUE,FALSE,FALSE,2,FALSE,18643,0.8,TRUE,2.3.1 Beta 4,90.000000,yak-40_v11,Aquila Volat ,2015.11.19 ,7,FALSE,0,0,0,FALSE,0.000000,FALSE,FALSE,FALSE,FALSE,0.000000,0,FALSE,FALSE
OrbitClose,OrbitClose - 3,0,8.660254,-1.500000,4.999999,300.000000,0.000000,FALSE,FALSE,FALSE,FALSE,FALSE,TRUE,0,TRUE,FALSE,0.000000,0.000000,0.000000,0.000000,0.000000,0.000000,1.000000,95.000000,FALSE,TRUE,TRUE,TRUE,0.000000,0.000000,FALSE,FALSE,TRUE,FALSE,FALSE,2,FALSE,18643,0.8,TRUE,2.3.1 Beta 4,90.000000,yak-40_v11,Aquila Volat ,2015.11.19 ,7,FALSE,0,0,0,FALSE,0.000000,FALSE,FALSE,FALSE,FALSE,0.000000,0,FALSE,FALSE
OrbitClose,OrbitClose - 4,0,7.660445,-1.928363,6.427875,310.000000,0.000000,FALSE,FALSE,FALSE,FALSE,FALSE,TRUE,0,TRUE,FALSE,0.000000,0.000000,0.000000,0.000000,0.000000,0.000000,1.000000,95.000000,FALSE,TRUE,TRUE,TRUE,0.000000,0.000000,FALSE,FALSE,TRUE,FALSE,FALSE,2,FALSE,18643,0.8,TRUE,2.3.1 Beta 4,90.000000,yak-40_v11,Aquila Volat ,2015.11.19 ,7,FALSE,0,0,0,FALSE,0.000000,FALSE,FALSE,FALSE,FALSE,0.000000,0,FALSE,FALSE
OrbitClose,OrbitClose - 5,0,6.427877,-2.298133,7.660443,320.000000,0.000000,FALSE,FALSE,FALSE,FALSE,FALSE,TRUE,0,TRUE,FALSE,0.000000,0.000000,0.000000,0.000000,0.000000,0.000000,1.000000,95.000000,FALSE,TRUE,TRUE,TRUE,0.000000,0.000000,FALSE,FALSE,TRUE,FALSE,FALSE,2,FALSE,18643,0.8,TRUE,2.3.1 Beta 4,90.000000,yak-40_v11,Aquila Volat ,2015.11.19 ,7,FALSE,0,0,0,FALSE,0.000000,FALSE,FALSE,FALSE,FALSE,0.000000,0,FALSE,FALSE
OrbitClose,OrbitClose - 6,0,5.000002,-2.298076,8.660254,330.000000,0.000000,FALSE,FALSE,FALSE,FALSE,FALSE,TRUE,0,TRUE,FALSE,0.000000,0.000000,0.000000,0.000000,0.000000,0.000000,1.000000,95.000000,FALSE,TRUE,TRUE,TRUE,0.000000,0.000000,FALSE,FALSE,TRUE,FALSE,FALSE,2,FALSE,18643,0.8,TRUE,2.3.1 Beta 4,90.000000,yak-40_v11,Aquila Volat ,2015.11.19 ,7,FALSE,0,0,0,FALSE,0.000000,FALSE,FALSE,FALSE,FALSE,0.000000,0,FALSE,FALSE
OrbitClose,OrbitClose - 7,0,3.420204,-2.319078,9.396926,340.000000,0.000000,FALSE,FALSE,FALSE,FALSE,FALSE,TRUE,0,TRUE,FALSE,0.000000,0.000000,0.000000,0.000000,0.000000,0.000000,1.000000,95.000000,FALSE,TRUE,TRUE,TRUE,0.000000,0.000000,FALSE,FALSE,TRUE,FALSE,FALSE,2,FALSE,18643,0.8,TRUE,2.3.1 Beta 4,90.000000,yak-40_v11,Aquila Volat ,2015.11.19 ,7,FALSE,0,0,0,FALSE,0.000000,FALSE,FALSE,FALSE,FALSE,0.000000,0,FALSE,FALSE
OrbitClose,OrbitClose - 8,0,1.736485,-2.554423,9.848078,350.000000,0.000000,FALSE,FALSE,FALSE,FALSE,FALSE,TRUE,0,TRUE,FALSE,0.000000,0.000000,0.000000,0.000000,0.000000,0.000000,1.000000,95.000000,FALSE,TRUE,TRUE,TRUE,0.000000,0.000000,FALSE,FALSE,TRUE,FALSE,FALSE,2,FALSE,18643,0.8,TRUE,2.3.1 Beta 4,90.000000,yak-40_v11,Aquila Volat ,2015.11.19 ,7,FALSE,0,0,0,FALSE,0.000000,FALSE,FALSE,FALSE,FALSE,0.000000,0,FALSE,FALSE
OrbitClose,OrbitClose - 9,0,0.000000,-2.500000,10.000000,0.000000,0.000000,FALSE,FALSE,FALSE,FALSE,FALSE,TRUE,0,TRUE,FALSE,0.000000,0.000000,0.000000,0.000000,0.000000,0.000000,1.000000,95.000000,FALSE,TRUE,TRUE,TRUE,0.000000,0.000000,FALSE,FALSE,TRUE,FALSE,FALSE,2,FALSE,18643,0.8,TRUE,2.3.1 Beta 4,90.000000,yak-40_v11,Aquila Volat ,2015.11.19 ,7,FALSE,0,0,0,FALSE,0.000000,FALSE,FALSE,FALSE,FALSE,0.000000,0,FALSE,FALSE
OrbitClose,OrbitClose - 10,0,-1.736482,-2.454423,9.848078,10.000000,0.000000,FALSE,FALSE,FALSE,FALSE,FALSE,TRUE,0,TRUE,FALSE,0.000000,0.000000,0.000000,0.000000,0.000000,0.000000,1.000000,95.000000,FALSE,TRUE,TRUE,TRUE,0.000000,0.000000,FALSE,FALSE,TRUE,FALSE,FALSE,2,FALSE,18643,0.8,TRUE,2.3.1 Beta 4,90.000000,yak-40_v11,Aquila Volat ,2015.11.19 ,7,FALSE,0,0,0,FALSE,0.000000,FALSE,FALSE,FALSE,FALSE,0.000000,0,FALSE,FALSE
OrbitClose,OrbitClose - 11,0,-3.420201,-2.519078,9.396926,20.000000,0.000000,FALSE,FALSE,FALSE,FALSE,FALSE,TRUE,0,TRUE,FALSE,0.000000,0.000000,0.000000,0.000000,0.000000,0.000000,1.000000,95.000000,FALSE,TRUE,TRUE,TRUE,0.000000,0.000000,FALSE,FALSE,TRUE,FALSE,FALSE,2,FALSE,18643,0.8,TRUE,2.3.1 Beta 4,90.000000,yak-40_v11,Aquila Volat ,2015.11.19 ,7,FALSE,0,0,0,FALSE,0.000000,FALSE,FALSE,FALSE,FALSE,0.000000,0,FALSE,FALSE
OrbitClose,OrbitClose - 12,0,-5.000000,-2.298076,8.660254,30.000000,0.000000,FALSE,FALSE,FALSE,FALSE,FALSE,TRUE,0,TRUE,FALSE,0.000000,0.000000,0.000000,0.000000,0.000000,0.000000,1.000000,95.000000,FALSE,TRUE,TRUE,TRUE,0.000000,0.000000,FALSE,FALSE,TRUE,FALSE,FALSE,2,FALSE,18643,0.8,TRUE,2.3.1 Beta 4,90.000000,yak-40_v11,Aquila Volat ,2015.11.19 ,7,FALSE,0,0,0,FALSE,0.000000,FALSE,FALSE,FALSE,FALSE,0.000000,0,FALSE,FALSE
OrbitClose,OrbitClose - 13,0,-6.427876,-1.898134,7.660444,40.000000,0.000000,FALSE,FALSE,FALSE,FALSE,FALSE,TRUE,0,TRUE,FALSE,0.000000,0.000000,0.000000,0.000000,0.000000,0.000000,1.000000,95.000000,FALSE,TRUE,TRUE,TRUE,0.000000,0.000000,FALSE,FALSE,TRUE,FALSE,FALSE,2,FALSE,18643,0.8,TRUE,2.3.1 Beta 4,90.000000,yak-40_v11,Aquila Volat ,2015.11.19 ,7,FALSE,0,0,0,FALSE,0.000000,FALSE,FALSE,FALSE,FALSE,0.000000,0,FALSE,FALSE
OrbitClose,OrbitClose - 14,0,-7.660444,-1.928363,6.427876,50.000000,0.000000,FALSE,FALSE,FALSE,FALSE,FALSE,TRUE,0,TRUE,FALSE,0.000000,0.000000,0.000000,0.000000,0.000000,0.000000,1.000000,95.000000,FALSE,TRUE,TRUE,TRUE,0.000000,0.000000,FALSE,FALSE,TRUE,FALSE,FALSE,2,FALSE,18643,0.8,TRUE,2.3.1 Beta 4,90.000000,yak-40_v11,Aquila Volat ,2015.11.19 ,7,FALSE,0,0,0,FALSE,0.000000,FALSE,FALSE,FALSE,FALSE,0.000000,0,FALSE,FALSE
OrbitClose,OrbitClose - 15,0,-8.660254,-1.500000,5.000000,60.000000,0.000000,FALSE,FALSE,FALSE,FALSE,FALSE,TRUE,0,TRUE,FALSE,0.000000,0.000000,0.000000,0.000000,0.000000,0.000000,1.000000,95.000000,FALSE,TRUE,TRUE,TRUE,0.000000,0.000000,FALSE,FALSE,TRUE,FALSE,FALSE,2,FALSE,18643,0.8,TRUE,2.3.1 Beta 4,90.000000,yak-40_v11,Aquila Volat ,2015.11.19 ,7,FALSE,0,0,0,FALSE,0.000000,FALSE,FALSE,FALSE,FALSE,0.000000,0,FALSE,FALSE
OrbitClose,OrbitClose - 16,0,-9.396926,-1.026060,3.420202,70.000000,0.000000,FALSE,FALSE,FALSE,FALSE,FALSE,TRUE,0,TRUE,FALSE,0.000000,0.000000,0.000000,0.000000,0.000000,0.000000,1.000000,95.000000,FALSE,TRUE,TRUE,TRUE,0.000000,0.000000,FALSE,FALSE,TRUE,FALSE,FALSE,2,FALSE,18643,0.8,TRUE,2.3.1 Beta 4,90.000000,yak-40_v11,Aquila Volat ,2015.11.19 ,7,FALSE,0,0,0,FALSE,0.000000,FALSE,FALSE,FALSE,FALSE,0.000000,0,FALSE,FALSE
OrbitClose,OrbitClose - 17,0,-13.393400,-0.520945,2.361614,80.000000,0.000000,FALSE,FALSE,FALSE,FALSE,FALSE,TRUE,0,TRUE,FALSE,0.000000,0.000000,0.000000,0.000000,0.000000,0.000000,1.000000,95.000000,FALSE,TRUE,TRUE,TRUE,0.000000,0.000000,FALSE,FALSE,TRUE,FALSE,FALSE,2,FALSE,18643,0.8,TRUE,2.3.1 Beta 4,90.000000,yak-40_v11,Aquila Volat ,2015.11.19 ,7,FALSE,0,0,0,FALSE,0.000000,FALSE,FALSE,FALSE,FALSE,0.000000,0,FALSE,FALSE
OrbitClose,OrbitClose - 18,0,-14.000015,0.000000,-0.000000,90.000000,0.000000,FALSE,FALSE,FALSE,FALSE,FALSE,TRUE,0,TRUE,FALSE,0.000000,0.000000,0.000000,0.000000,0.000000,0.000000,1.000000,95.000000,FALSE,TRUE,TRUE,TRUE,0.000000,0.000000,FALSE,FALSE,TRUE,FALSE,FALSE,2,FALSE,18643,0.8,TRUE,2.3.1 Beta 4,90.000000,yak-40_v11,Aquila Volat ,2015.11.19 ,7,FALSE,0,0,0,FALSE,0.000000,FALSE,FALSE,FALSE,FALSE,0.000000,0,FALSE,FALSE
OrbitClose,OrbitClose - 19,0,-13.590363,0.520945,-2.396344,100.000000,0.000000,FALSE,FALSE,FALSE,FALSE,FALSE,TRUE,0,TRUE,FALSE,0.000000,0.000000,0.000000,0.000000,0.000000,0.000000,1.000000,95.000000,FALSE,TRUE,TRUE,TRUE,0.000000,0.000000,FALSE,FALSE,TRUE,FALSE,FALSE,2,FALSE,18643,0.8,TRUE,2.3.1 Beta 4,90.000000,yak-40_v11,Aquila Volat ,2015.11.19 ,7,FALSE,0,0,0,FALSE,0.000000,FALSE,FALSE,FALSE,FALSE,0.000000,0,FALSE,FALSE
OrbitClose,OrbitClose - 20,0,-12.403945,1.026061,-4.514668,110.000000,0.000000,FALSE,FALSE,FALSE,FALSE,FALSE,TRUE,0,TRUE,FALSE,0.000000,0.000000,0.000000,0.000000,0.000000,0.000000,1.000000,95.000000,FALSE,TRUE,TRUE,TRUE,0.000000,0.000000,FALSE,FALSE,TRUE,FALSE,FALSE,2,FALSE,18643,0.8,TRUE,2.3.1 Beta 4,90.000000,yak-40_v11,Aquila Volat ,2015.11.19 ,7,FALSE,0,0,0,FALSE,0.000000,FALSE,FALSE,FALSE,FALSE,0.000000,0,FALSE,FALSE
OrbitClose,OrbitClose - 21,0,-11.085115,1.500000,-6.400005,120.000000,0.000000,FALSE,FALSE,FALSE,FALSE,FALSE,TRUE,0,TRUE,FALSE,0.000000,0.000000,0.000000,0.000000,0.000000,0.000000,1.000000,95.000000,FALSE,TRUE,TRUE,TRUE,0.000000,0.000000,FALSE,FALSE,TRUE,FALSE,FALSE,2,FALSE,18643,0.8,TRUE,2.3.1 Beta 4,90.000000,yak-40_v11,Aquila Volat ,2015.11.19 ,7,FALSE,0,0,0,FALSE,0.000000,FALSE,FALSE,FALSE,FALSE,0.000000,0,FALSE,FALSE
OrbitClose,OrbitClose - 22,0,-10.724622,1.928363,-8.999026,130.000000,0.000000,FALSE,FALSE,FALSE,FALSE,FALSE,TRUE,0,TRUE,FALSE,0.000000,0.000000,0.000000,0.000000,0.000000,0.000000,1.000000,95.000000,FALSE,TRUE,TRUE,TRUE,0.000000,0.000000,FALSE,FALSE,TRUE,FALSE,FALSE,3,FALSE,18643,0.8,TRUE,2.3.1 Beta 4,90.000000,yak-40_v11,Aquila Volat ,2015.11.19 ,7,FALSE,0,0,0,FALSE,0.000000,FALSE,FALSE,FALSE,FALSE,0.000000,0,FALSE,FALSE
OrbitClose,OrbitClose - 23,0,-8.291956,2.298133,-9.881982,140.000000,0.000000,FALSE,FALSE,FALSE,FALSE,FALSE,TRUE,0,TRUE,FALSE,0.000000,0.000000,0.000000,0.000000,0.000000,0.000000,1.000000,95.000000,FALSE,TRUE,TRUE,TRUE,0.000000,0.000000,FALSE,FALSE,TRUE,FALSE,FALSE,2,FALSE,18643,0.8,TRUE,2.3.1 Beta 4,90.000000,yak-40_v11,Aquila Volat ,2015.11.19 ,7,FALSE,0,0,0,FALSE,0.000000,FALSE,FALSE,FALSE,FALSE,0.000000,0,FALSE,FALSE
OrbitClose,OrbitClose - 24,0,-6.050004,2.598076,-10.478900,150.000000,0.000000,FALSE,FALSE,FALSE,FALSE,FALSE,TRUE,0,TRUE,FALSE,0.000000,0.000000,0.000000,0.000000,0.000000,0.000000,1.000000,95.000000,FALSE,TRUE,TRUE,TRUE,0.000000,0.000000,FALSE,FALSE,TRUE,FALSE,FALSE,2,FALSE,18643,0.8,TRUE,2.3.1 Beta 4,90.000000,yak-40_v11,Aquila Volat ,2015.11.19 ,7,FALSE,0,0,0,FALSE,0.000000,FALSE,FALSE,FALSE,FALSE,0.000000,0,FALSE,FALSE
OrbitClose,OrbitClose - 25,0,-4.001637,2.819078,-10.994405,160.000000,0.000000,FALSE,FALSE,FALSE,FALSE,FALSE,TRUE,0,TRUE,FALSE,0.000000,0.000000,0.000000,0.000000,0.000000,0.000000,1.000000,95.000000,FALSE,TRUE,TRUE,TRUE,0.000000,0.000000,FALSE,FALSE,TRUE,FALSE,FALSE,2,FALSE,18643,0.8,TRUE,2.3.1 Beta 4,90.000000,yak-40_v11,Aquila Volat ,2015.11.19 ,7,FALSE,0,0,0,FALSE,0.000000,FALSE,FALSE,FALSE,FALSE,0.000000,0,FALSE,FALSE
OrbitClose,OrbitClose - 26,0,-1.962226,2.954423,-11.128333,170.000000,0.000000,FALSE,FALSE,FALSE,FALSE,FALSE,TRUE,0,TRUE,FALSE,0.000000,0.000000,0.000000,0.000000,0.000000,0.000000,1.000000,95.000000,FALSE,TRUE,TRUE,TRUE,0.000000,0.000000,FALSE,FALSE,TRUE,FALSE,FALSE,2,FALSE,18643,0.8,TRUE,2.3.1 Beta 4,90.000000,yak-40_v11,Aquila Volat ,2015.11.19 ,7,FALSE,0,0,0,FALSE,0.000000,FALSE,FALSE,FALSE,FALSE,0.000000,0,FALSE,FALSE
OrbitClose,OrbitClose - 27,0,0.000001,3.000000,-10.600002,180.000000,0.000000,FALSE,FALSE,FALSE,FALSE,FALSE,TRUE,0,TRUE,FALSE,0.000000,0.000000,0.000000,0.000000,0.000000,0.000000,1.000000,95.000000,FALSE,TRUE,TRUE,TRUE,0.000000,0.000000,FALSE,FALSE,TRUE,FALSE,FALSE,2,FALSE,18643,0.8,TRUE,2.3.1 Beta 4,90.000000,yak-40_v11,Aquila Volat ,2015.11.19 ,7,FALSE,0,0,0,FALSE,0.000000,FALSE,FALSE,FALSE,FALSE,0.000000,0,FALSE,FALSE
OrbitClose,OrbitClose - 28,0,1.805941,2.954423,-10.242002,190.000000,0.000000,FALSE,FALSE,FALSE,FALSE,FALSE,TRUE,0,TRUE,FALSE,0.000000,0.000000,0.000000,0.000000,0.000000,0.000000,1.000000,95.000000,FALSE,TRUE,TRUE,TRUE,0.000000,0.000000,FALSE,FALSE,TRUE,FALSE,FALSE,2,FALSE,18643,0.8,TRUE,2.3.1 Beta 4,90.000000,yak-40_v11,Aquila Volat ,2015.11.19 ,7,FALSE,0,0,0,FALSE,0.000000,FALSE,FALSE,FALSE,FALSE,0.000000,0,FALSE,FALSE
OrbitClose,OrbitClose - 29,0,3.488606,2.819078,-9.584865,200.000000,0.000000,FALSE,FALSE,FALSE,FALSE,FALSE,TRUE,0,TRUE,FALSE,0.000000,0.000000,0.000000,0.000000,0.000000,0.000000,1.000000,95.000000,FALSE,TRUE,TRUE,TRUE,0.000000,0.000000,FALSE,FALSE,TRUE,FALSE,FALSE,2,FALSE,18643,0.8,TRUE,2.3.1 Beta 4,90.000000,yak-40_v11,Aquila Volat ,2015.11.19 ,7,FALSE,0,0,0,FALSE,0.000000,FALSE,FALSE,FALSE,FALSE,0.000000,0,FALSE,FALSE
OrbitClose,OrbitClose - 30,0,5.100000,2.598076,-8.833458,210.000000,0.000000,FALSE,FALSE,FALSE,FALSE,FALSE,TRUE,0,TRUE,FALSE,0.000000,0.000000,0.000000,0.000000,0.000000,0.000000,1.000000,95.000000,FALSE,TRUE,TRUE,TRUE,0.000000,0.000000,FALSE,FALSE,TRUE,FALSE,FALSE,2,FALSE,18643,0.8,TRUE,2.3.1 Beta 4,90.000000,yak-40_v11,Aquila Volat ,2015.11.19 ,7,FALSE,0,0,0,FALSE,0.000000,FALSE,FALSE,FALSE,FALSE,0.000000,0,FALSE,FALSE
OrbitClose,OrbitClose - 31,0,6.427876,2.298133,-7.660445,220.000000,0.000000,FALSE,FALSE,FALSE,FALSE,FALSE,TRUE,0,TRUE,FALSE,0.000000,0.000000,0.000000,0.000000,0.000000,0.000000,1.000000,95.000000,FALSE,TRUE,TRUE,TRUE,0.000000,0.000000,FALSE,FALSE,TRUE,FALSE,FALSE,2,FALSE,18643,0.8,TRUE,2.3.1 Beta 4,90.000000,yak-40_v11,Aquila Volat ,2015.11.19 ,7,FALSE,0,0,0,FALSE,0.000000,FALSE,FALSE,FALSE,FALSE,0.000000,0,FALSE,FALSE
OrbitClose,OrbitClose - 32,0,7.660446,1.928363,-6.427875,230.000000,0.000000,FALSE,FALSE,FALSE,FALSE,FALSE,TRUE,0,TRUE,FALSE,0.000000,0.000000,0.000000,0.000000,0.000000,0.000000,1.000000,95.000000,FALSE,TRUE,TRUE,TRUE,0.000000,0.000000,FALSE,FALSE,TRUE,FALSE,FALSE,2,FALSE,18643,0.8,TRUE,2.3.1 Beta 4,90.000000,yak-40_v11,Aquila Volat ,2015.11.19 ,7,FALSE,0,0,0,FALSE,0.000000,FALSE,FALSE,FALSE,FALSE,0.000000,0,FALSE,FALSE
OrbitClose,OrbitClose - 33,0,8.660254,1.500000,-4.999999,240.000000,0.000000,FALSE,FALSE,FALSE,FALSE,FALSE,TRUE,0,TRUE,FALSE,0.000000,0.000000,0.000000,0.000000,0.000000,0.000000,1.000000,95.000000,FALSE,TRUE,TRUE,TRUE,0.000000,0.000000,FALSE,FALSE,TRUE,FALSE,FALSE,2,FALSE,18643,0.8,TRUE,2.3.1 Beta 4,90.000000,yak-40_v11,Aquila Volat ,2015.11.19 ,7,FALSE,0,0,0,FALSE,0.000000,FALSE,FALSE,FALSE,FALSE,0.000000,0,FALSE,FALSE
OrbitClose,OrbitClose - 34,0,9.396927,1.026060,-3.420201,250.000000,0.000000,FALSE,FALSE,FALSE,FALSE,FALSE,TRUE,0,TRUE,FALSE,0.000000,0.000000,0.000000,0.000000,0.000000,0.000000,1.000000,95.000000,FALSE,TRUE,TRUE,TRUE,0.000000,0.000000,FALSE,FALSE,TRUE,FALSE,FALSE,2,FALSE,18643,0.8,TRUE,2.3.1 Beta 4,90.000000,yak-40_v11,Aquila Volat ,2015.11.19 ,7,FALSE,0,0,0,FALSE,0.000000,FALSE,FALSE,FALSE,FALSE,0.000000,0,FALSE,FALSE
OrbitClose,OrbitClose - 35,0,9.848078,0.520945,-1.736481,260.000000,0.000000,FALSE,FALSE,FALSE,FALSE,FALSE,TRUE,0,TRUE,FALSE,0.000000,0.000000,0.000000,0.000000,0.000000,0.000000,1.000000,95.000000,FALSE,TRUE,TRUE,TRUE,0.000000,0.000000,FALSE,FALSE,TRUE,FALSE,FALSE,2,FALSE,18643,0.8,TRUE,2.3.1 Beta 4,90.000000,yak-40_v11,Aquila Volat ,2015.11.19 ,7,FALSE,0,0,0,FALSE,0.000000,FALSE,FALSE,FALSE,FALSE,0.000000,0,FALSE,FALSE
OrbitClose,OrbitClose - 36,0,10.000000,0.700000,-0.400000,270.000000,0.000000,FALSE,FALSE,FALSE,FALSE,FALSE,TRUE,0,TRUE,FALSE,0.000000,0.000000,0.000000,0.000000,0.000000,0.000000,1.000000,95.000000,FALSE,TRUE,TRUE,TRUE,0.000000,0.000000,FALSE,FALSE,TRUE,FALSE,FALSE,2,FALSE,18643,0.8,TRUE,2.3.1 Beta 4,90.000000,yak-40_v11,Aquila Volat ,2015.11.19 ,7,FALSE,0,0,0,FALSE,0.000000,FALSE,FALSE,FALSE,FALSE,0.000000,0,FALSE,FALSE
XP9 Legacy Chase,Camera 1,21,0.000000,0.000000,26.149254,0.000000,0.000000,FALSE,TRUE,TRUE,TRUE,FALSE,FALSE,0,FALSE,FALSE,0.000000,0.000000,0.000000,0.000000,0.000000,0.000000,1.000000,80.000000,TRUE,FALSE,FALSE,FALSE,0.000000,0.000000,FALSE,FALSE,TRUE,FALSE,FALSE,2,FALSE,18643,0.0,FALSE,2.3.1 Beta 4,90.000000,yak-40_v11,Aquila Volat ,2015.11.19 ,8,FALSE,0,0,0,TRUE,0.000000,FALSE,FALSE,FALSE,FALSE,0.000000,0,FALSE,FALSE
Walk to Aircraft,Far,0,-26.159143,-2.489448,-32.017204,0.000000,0.233557,FALSE,FALSE,FALSE,FALSE,FALSE,TRUE,0,TRUE,FALSE,0.000000,0.000000,0.000000,0.000000,0.000000,0.000000,1.000000,80.000000,TRUE,TRUE,TRUE,FALSE,0.000000,0.000000,TRUE,FALSE,TRUE,FALSE,FALSE,1,FALSE,18643,6.0,FALSE,2.3.1 Beta 4,90.000000,yak-40_v11,Aquila Volat ,2015.11.19 ,9,FALSE,0,0,0,FALSE,0.000000,FALSE,FALSE,FALSE,FALSE,0.000000,0,FALSE,FALSE
Walk to Aircraft,Nearer,0,-9.459137,-0.489448,-8.857215,0.000000,0.233557,FALSE,FALSE,FALSE,FALSE,FALSE,TRUE,0,TRUE,FALSE,0.000000,0.000000,0.000000,0.000000,0.000000,0.000000,1.000000,80.000000,TRUE,TRUE,TRUE,FALSE,0.000000,0.000000,TRUE,FALSE,TRUE,FALSE,FALSE,2,FALSE,18643,8.0,FALSE,2.3.1 Beta 4,90.000000,yak-40_v11,Aquila Volat ,2015.11.19 ,9,FALSE,0,0,0,FALSE,0.000000,FALSE,FALSE,FALSE,FALSE,0.000000,0,FALSE,FALSE
Walk to Aircraft,Nearest,0,-4.659135,0.110552,-3.757216,0.000000,0.233557,FALSE,FALSE,FALSE,FALSE,FALSE,TRUE,0,FALSE,FALSE,0.000000,0.000000,0.000000,0.000000,0.000000,0.000000,1.000000,80.000000,TRUE,TRUE,TRUE,FALSE,0.000000,0.000000,TRUE,FALSE,TRUE,FALSE,FALSE,2,FALSE,18643,6.0,FALSE,2.3.1 Beta 4,90.000000,yak-40_v11,Aquila Volat ,2015.11.19 ,9,FALSE,0,0,0,FALSE,0.000000,FALSE,FALSE,FALSE,FALSE,0.000000,0,FALSE,FALSE
Orbit_60s,Orbit_60s - 0,0,10.000000,0.000000,0.000000,270.000000,0.000000,FALSE,FALSE,FALSE,FALSE,FALSE,FALSE,0,TRUE,FALSE,0.000000,0.000000,0.000000,0.000000,0.000000,0.000000,1.000000,90.000000,FALSE,TRUE,TRUE,TRUE,0.000000,0.000000,FALSE,FALSE,TRUE,FALSE,FALSE,2,FALSE,18643,0.0,FALSE,2.3.1 Beta 4,90.000000,yak-40_v11,Aquila Volat ,2015.11.19 ,10,FALSE,0,0,0,FALSE,0.000000,FALSE,FALSE,FALSE,FALSE,0.000000,0,FALSE,FALSE
Orbit_60s,Orbit_60s - 1,0,9.848078,0.520945,-1.736481,260.000000,0.000000,FALSE,FALSE,FALSE,FALSE,FALSE,TRUE,0,TRUE,FALSE,0.000000,0.000000,0.000000,0.000000,0.000000,0.000000,1.000000,90.000000,FALSE,TRUE,TRUE,TRUE,0.000000,0.000000,FALSE,FALSE,TRUE,FALSE,FALSE,2,FALSE,18643,1.6,TRUE,2.3.1 Beta 4,90.000000,yak-40_v11,Aquila Volat ,2015.11.19 ,10,FALSE,0,0,0,FALSE,0.000000,FALSE,FALSE,FALSE,FALSE,0.000000,0,FALSE,FALSE
Orbit_60s,Orbit_60s - 2,0,9.396927,1.026060,-3.420201,250.000000,0.000000,FALSE,FALSE,FALSE,FALSE,FALSE,TRUE,0,TRUE,FALSE,0.000000,0.000000,0.000000,0.000000,0.000000,0.000000,1.000000,90.000000,FALSE,TRUE,TRUE,TRUE,0.000000,0.000000,FALSE,FALSE,TRUE,FALSE,FALSE,2,FALSE,18643,1.6,TRUE,2.3.1 Beta 4,90.000000,yak-40_v11,Aquila Volat ,2015.11.19 ,10,FALSE,0,0,0,FALSE,0.000000,FALSE,FALSE,FALSE,FALSE,0.000000,0,FALSE,FALSE
Orbit_60s,Orbit_60s - 3,0,8.660254,1.500000,-4.999999,240.000000,0.000000,FALSE,FALSE,FALSE,FALSE,FALSE,TRUE,0,TRUE,FALSE,0.000000,0.000000,0.000000,0.000000,0.000000,0.000000,1.000000,90.000000,FALSE,TRUE,TRUE,TRUE,0.000000,0.000000,FALSE,FALSE,TRUE,FALSE,FALSE,2,FALSE,18643,1.6,TRUE,2.3.1 Beta 4,90.000000,yak-40_v11,Aquila Volat ,2015.11.19 ,10,FALSE,0,0,0,FALSE,0.000000,FALSE,FALSE,FALSE,FALSE,0.000000,0,FALSE,FALSE
Orbit_60s,Orbit_60s - 4,0,7.660446,1.928363,-6.427875,230.000000,0.000000,FALSE,FALSE,FALSE,FALSE,FALSE,TRUE,0,TRUE,FALSE,0.000000,0.000000,0.000000,0.000000,0.000000,0.000000,1.000000,90.000000,FALSE,TRUE,TRUE,TRUE,0.000000,0.000000,FALSE,FALSE,TRUE,FALSE,FALSE,2,FALSE,18643,1.6,TRUE,2.3.1 Beta 4,90.000000,yak-40_v11,Aquila Volat ,2015.11.19 ,10,FALSE,0,0,0,FALSE,0.000000,FALSE,FALSE,FALSE,FALSE,0.000000,0,FALSE,FALSE
Orbit_60s,Orbit_60s - 5,0,6.427876,2.298133,-7.660445,220.000000,0.000000,FALSE,FALSE,FALSE,FALSE,FALSE,TRUE,0,TRUE,FALSE,0.000000,0.000000,0.000000,0.000000,0.000000,0.000000,1.000000,90.000000,FALSE,TRUE,TRUE,TRUE,0.000000,0.000000,FALSE,FALSE,TRUE,FALSE,FALSE,2,FALSE,18643,1.6,TRUE,2.3.1 Beta 4,90.000000,yak-40_v11,Aquila Volat ,2015.11.19 ,10,FALSE,0,0,0,FALSE,0.000000,FALSE,FALSE,FALSE,FALSE,0.000000,0,FALSE,FALSE
Orbit_60s,Orbit_60s - 6,0,5.000000,2.598076,-8.660254,210.000000,0.000000,FALSE,FALSE,FALSE,FALSE,FALSE,TRUE,0,TRUE,FALSE,0.000000,0.000000,0.000000,0.000000,0.000000,0.000000,1.000000,90.000000,FALSE,TRUE,TRUE,TRUE,0.000000,0.000000,FALSE,FALSE,TRUE,FALSE,FALSE,2,FALSE,18643,1.6,TRUE,2.3.1 Beta 4,90.000000,yak-40_v11,Aquila Volat ,2015.11.19 ,10,FALSE,0,0,0,FALSE,0.000000,FALSE,FALSE,FALSE,FALSE,0.000000,0,FALSE,FALSE
Orbit_60s,Orbit_60s - 7,0,3.420202,2.819078,-9.396926,200.000000,0.000000,FALSE,FALSE,FALSE,FALSE,FALSE,TRUE,0,TRUE,FALSE,0.000000,0.000000,0.000000,0.000000,0.000000,0.000000,1.000000,90.000000,FALSE,TRUE,TRUE,TRUE,0.000000,0.000000,FALSE,FALSE,TRUE,FALSE,FALSE,2,FALSE,18643,1.6,TRUE,2.3.1 Beta 4,90.000000,yak-40_v11,Aquila Volat ,2015.11.19 ,10,FALSE,0,0,0,FALSE,0.000000,FALSE,FALSE,FALSE,FALSE,0.000000,0,FALSE,FALSE
Orbit_60s,Orbit_60s - 8,0,1.736482,2.954423,-9.848078,190.000000,0.000000,FALSE,FALSE,FALSE,FALSE,FALSE,TRUE,0,TRUE,FALSE,0.000000,0.000000,0.000000,0.000000,0.000000,0.000000,1.000000,90.000000,FALSE,TRUE,TRUE,TRUE,0.000000,0.000000,FALSE,FALSE,TRUE,FALSE,FALSE,2,FALSE,18643,1.6,TRUE,2.3.1 Beta 4,90.000000,yak-40_v11,Aquila Volat ,2015.11.19 ,10,FALSE,0,0,0,FALSE,0.000000,FALSE,FALSE,FALSE,FALSE,0.000000,0,FALSE,FALSE
Orbit_60s,Orbit_60s - 9,0,0.000001,3.000000,-10.000000,180.000000,0.000000,FALSE,FALSE,FALSE,FALSE,FALSE,TRUE,0,TRUE,FALSE,0.000000,0.000000,0.000000,0.000000,0.000000,0.000000,1.000000,90.000000,FALSE,TRUE,TRUE,TRUE,0.000000,0.000000,FALSE,FALSE,TRUE,FALSE,FALSE,2,FALSE,18643,1.6,TRUE,2.3.1 Beta 4,90.000000,yak-40_v11,Aquila Volat ,2015.11.19 ,10,FALSE,0,0,0,FALSE,0.000000,FALSE,FALSE,FALSE,FALSE,0.000000,0,FALSE,FALSE
Orbit_60s,Orbit_60s - 10,0,-1.736483,2.954423,-9.848078,170.000000,0.000000,FALSE,FALSE,FALSE,FALSE,FALSE,TRUE,0,TRUE,FALSE,0.000000,0.000000,0.000000,0.000000,0.000000,0.000000,1.000000,90.000000,FALSE,TRUE,TRUE,TRUE,0.000000,0.000000,FALSE,FALSE,TRUE,FALSE,FALSE,2,FALSE,18643,1.6,TRUE,2.3.1 Beta 4,90.000000,yak-40_v11,Aquila Volat ,2015.11.19 ,10,FALSE,0,0,0,FALSE,0.000000,FALSE,FALSE,FALSE,FALSE,0.000000,0,FALSE,FALSE
Orbit_60s,Orbit_60s - 11,0,-3.420202,2.819078,-9.396926,160.000000,0.000000,FALSE,FALSE,FALSE,FALSE,FALSE,TRUE,0,TRUE,FALSE,0.000000,0.000000,0.000000,0.000000,0.000000,0.000000,1.000000,90.000000,FALSE,TRUE,TRUE,TRUE,0.000000,0.000000,FALSE,FALSE,TRUE,FALSE,FALSE,2,FALSE,18643,1.6,TRUE,2.3.1 Beta 4,90.000000,yak-40_v11,Aquila Volat ,2015.11.19 ,10,FALSE,0,0,0,FALSE,0.000000,FALSE,FALSE,FALSE,FALSE,0.000000,0,FALSE,FALSE
Orbit_60s,Orbit_60s - 12,0,-5.000000,2.598076,-8.660254,150.000000,0.000000,FALSE,FALSE,FALSE,FALSE,FALSE,TRUE,0,TRUE,FALSE,0.000000,0.000000,0.000000,0.000000,0.000000,0.000000,1.000000,90.000000,FALSE,TRUE,TRUE,TRUE,0.000000,0.000000,FALSE,FALSE,TRUE,FALSE,FALSE,2,FALSE,18643,1.6,TRUE,2.3.1 Beta 4,90.000000,yak-40_v11,Aquila Volat ,2015.11.19 ,10,FALSE,0,0,0,FALSE,0.000000,FALSE,FALSE,FALSE,FALSE,0.000000,0,FALSE,FALSE
Orbit_60s,Orbit_60s - 13,0,-6.427876,2.298133,-7.660444,140.000000,0.000000,FALSE,FALSE,FALSE,FALSE,FALSE,TRUE,0,TRUE,FALSE,0.000000,0.000000,0.000000,0.000000,0.000000,0.000000,1.000000,90.000000,FALSE,TRUE,TRUE,TRUE,0.000000,0.000000,FALSE,FALSE,TRUE,FALSE,FALSE,2,FALSE,18643,1.6,TRUE,2.3.1 Beta 4,90.000000,yak-40_v11,Aquila Volat ,2015.11.19 ,10,FALSE,0,0,0,FALSE,0.000000,FALSE,FALSE,FALSE,FALSE,0.000000,0,FALSE,FALSE
Orbit_60s,Orbit_60s - 14,0,-7.660444,1.928363,-6.427876,130.000000,0.000000,FALSE,FALSE,FALSE,FALSE,FALSE,TRUE,0,TRUE,FALSE,0.000000,0.000000,0.000000,0.000000,0.000000,0.000000,1.000000,90.000000,FALSE,TRUE,TRUE,TRUE,0.000000,0.000000,FALSE,FALSE,TRUE,FALSE,FALSE,2,FALSE,18643,1.6,TRUE,2.3.1 Beta 4,90.000000,yak-40_v11,Aquila Volat ,2015.11.19 ,10,FALSE,0,0,0,FALSE,0.000000,FALSE,FALSE,FALSE,FALSE,0.000000,0,FALSE,FALSE
Orbit_60s,Orbit_60s - 15,0,-8.660254,1.500000,-5.000000,120.000000,0.000000,FALSE,FALSE,FALSE,FALSE,FALSE,TRUE,0,TRUE,FALSE,0.000000,0.000000,0.000000,0.000000,0.000000,0.000000,1.000000,90.000000,FALSE,TRUE,TRUE,TRUE,0.000000,0.000000,FALSE,FALSE,TRUE,FALSE,FALSE,2,FALSE,18643,1.6,TRUE,2.3.1 Beta 4,90.000000,yak-40_v11,Aquila Volat ,2015.11.19 ,10,FALSE,0,0,0,FALSE,0.000000,FALSE,FALSE,FALSE,FALSE,0.000000,0,FALSE,FALSE
Orbit_60s,Orbit_60s - 16,0,-9.396926,1.026061,-3.420201,110.000000,0.000000,FALSE,FALSE,FALSE,FALSE,FALSE,TRUE,0,TRUE,FALSE,0.000000,0.000000,0.000000,0.000000,0.000000,0.000000,1.000000,90.000000,FALSE,TRUE,TRUE,TRUE,0.000000,0.000000,FALSE,FALSE,TRUE,FALSE,FALSE,2,FALSE,18643,1.6,TRUE,2.3.1 Beta 4,90.000000,yak-40_v11,Aquila Volat ,2015.11.19 ,10,FALSE,0,0,0,FALSE,0.000000,FALSE,FALSE,FALSE,FALSE,0.000000,0,FALSE,FALSE
Orbit_60s,Orbit_60s - 17,0,-9.848078,0.520945,-1.736482,100.000000,0.000000,FALSE,FALSE,FALSE,FALSE,FALSE,TRUE,0,TRUE,FALSE,0.000000,0.000000,0.000000,0.000000,0.000000,0.000000,1.000000,90.000000,FALSE,TRUE,TRUE,TRUE,0.000000,0.000000,FALSE,FALSE,TRUE,FALSE,FALSE,2,FALSE,18643,1.6,TRUE,2.3.1 Beta 4,90.000000,yak-40_v11,Aquila Volat ,2015.11.19 ,10,FALSE,0,0,0,FALSE,0.000000,FALSE,FALSE,FALSE,FALSE,0.000000,0,FALSE,FALSE
Orbit_60s,Orbit_60s - 18,0,-10.000000,0.000000,0.000000,90.000000,0.000000,FALSE,FALSE,FALSE,FALSE,FALSE,TRUE,0,TRUE,FALSE,0.000000,0.000000,0.000000,0.000000,0.000000,0.000000,1.000000,90.000000,FALSE,TRUE,TRUE,TRUE,0.000000,0.000000,FALSE,FALSE,TRUE,FALSE,FALSE,2,FALSE,18643,1.6,TRUE,2.3.1 Beta 4,90.000000,yak-40_v11,Aquila Volat ,2015.11.19 ,10,FALSE,0,0,0,FALSE,0.000000,FALSE,FALSE,FALSE,FALSE,0.000000,0,FALSE,FALSE
Orbit_60s,Orbit_60s - 19,0,-9.848078,-0.520945,1.736482,80.000000,0.000000,FALSE,FALSE,FALSE,FALSE,FALSE,TRUE,0,TRUE,FALSE,0.000000,0.000000,0.000000,0.000000,0.000000,0.000000,1.000000,90.000000,FALSE,TRUE,TRUE,TRUE,0.000000,0.000000,FALSE,FALSE,TRUE,FALSE,FALSE,2,FALSE,18643,1.6,TRUE,2.3.1 Beta 4,90.000000,yak-40_v11,Aquila Volat ,2015.11.19 ,10,FALSE,0,0,0,FALSE,0.000000,FALSE,FALSE,FALSE,FALSE,0.000000,0,FALSE,FALSE
Orbit_60s,Orbit_60s - 20,0,-9.396926,-1.026060,3.420202,70.000000,0.000000,FALSE,FALSE,FALSE,FALSE,FALSE,TRUE,0,TRUE,FALSE,0.000000,0.000000,0.000000,0.000000,0.000000,0.000000,1.000000,90.000000,FALSE,TRUE,TRUE,TRUE,0.000000,0.000000,FALSE,FALSE,TRUE,FALSE,FALSE,2,FALSE,18643,1.6,TRUE,2.3.1 Beta 4,90.000000,yak-40_v11,Aquila Volat ,2015.11.19 ,10,FALSE,0,0,0,FALSE,0.000000,FALSE,FALSE,FALSE,FALSE,0.000000,0,FALSE,FALSE
Orbit_60s,Orbit_60s - 21,0,-8.660254,-1.500000,5.000000,60.000000,0.000000,FALSE,FALSE,FALSE,FALSE,FALSE,TRUE,0,TRUE,FALSE,0.000000,0.000000,0.000000,0.000000,0.000000,0.000000,1.000000,90.000000,FALSE,TRUE,TRUE,TRUE,0.000000,0.000000,FALSE,FALSE,TRUE,FALSE,FALSE,2,FALSE,18643,1.6,TRUE,2.3.1 Beta 4,90.000000,yak-40_v11,Aquila Volat ,2015.11.19 ,10,FALSE,0,0,0,FALSE,0.000000,FALSE,FALSE,FALSE,FALSE,0.000000,0,FALSE,FALSE
Orbit_60s,Orbit_60s - 22,0,-7.660444,-1.928363,6.427876,50.000000,0.000000,FALSE,FALSE,FALSE,FALSE,FALSE,TRUE,0,TRUE,FALSE,0.000000,0.000000,0.000000,0.000000,0.000000,0.000000,1.000000,90.000000,FALSE,TRUE,TRUE,TRUE,0.000000,0.000000,FALSE,FALSE,TRUE,FALSE,FALSE,2,FALSE,18643,1.6,TRUE,2.3.1 Beta 4,90.000000,yak-40_v11,Aquila Volat ,2015.11.19 ,10,FALSE,0,0,0,FALSE,0.000000,FALSE,FALSE,FALSE,FALSE,0.000000,0,FALSE,FALSE
Orbit_60s,Orbit_60s - 23,0,-6.427876,-2.298134,7.660444,40.000000,0.000000,FALSE,FALSE,FALSE,FALSE,FALSE,TRUE,0,TRUE,FALSE,0.000000,0.000000,0.000000,0.000000,0.000000,0.000000,1.000000,90.000000,FALSE,TRUE,TRUE,TRUE,0.000000,0.000000,FALSE,FALSE,TRUE,FALSE,FALSE,2,FALSE,18643,1.6,TRUE,2.3.1 Beta 4,90.000000,yak-40_v11,Aquila Volat ,2015.11.19 ,10,FALSE,0,0,0,FALSE,0.000000,FALSE,FALSE,FALSE,FALSE,0.000000,0,FALSE,FALSE
Orbit_60s,Orbit_60s - 24,0,-5.000000,-2.598076,8.660254,30.000000,0.000000,FALSE,FALSE,FALSE,FALSE,FALSE,TRUE,0,TRUE,FALSE,0.000000,0.000000,0.000000,0.000000,0.000000,0.000000,1.000000,90.000000,FALSE,TRUE,TRUE,TRUE,0.000000,0.000000,FALSE,FALSE,TRUE,FALSE,FALSE,2,FALSE,18643,1.6,TRUE,2.3.1 Beta 4,90.000000,yak-40_v11,Aquila Volat ,2015.11.19 ,10,FALSE,0,0,0,FALSE,0.000000,FALSE,FALSE,FALSE,FALSE,0.000000,0,FALSE,FALSE
Orbit_60s,Orbit_60s - 25,0,-3.420201,-2.819078,9.396926,20.000000,0.000000,FALSE,FALSE,FALSE,FALSE,FALSE,TRUE,0,TRUE,FALSE,0.000000,0.000000,0.000000,0.000000,0.000000,0.000000,1.000000,90.000000,FALSE,TRUE,TRUE,TRUE,0.000000,0.000000,FALSE,FALSE,TRUE,FALSE,FALSE,2,FALSE,18643,1.6,TRUE,2.3.1 Beta 4,90.000000,yak-40_v11,Aquila Volat ,2015.11.19 ,10,FALSE,0,0,0,FALSE,0.000000,FALSE,FALSE,FALSE,FALSE,0.000000,0,FALSE,FALSE
Orbit_60s,Orbit_60s - 26,0,-1.736482,-2.954423,9.848078,10.000000,0.000000,FALSE,FALSE,FALSE,FALSE,FALSE,TRUE,0,TRUE,FALSE,0.000000,0.000000,0.000000,0.000000,0.000000,0.000000,1.000000,90.000000,FALSE,TRUE,TRUE,TRUE,0.000000,0.000000,FALSE,FALSE,TRUE,FALSE,FALSE,2,FALSE,18643,1.6,TRUE,2.3.1 Beta 4,90.000000,yak-40_v11,Aquila Volat ,2015.11.19 ,10,FALSE,0,0,0,FALSE,0.000000,FALSE,FALSE,FALSE,FALSE,0.000000,0,FALSE,FALSE
Orbit_60s,Orbit_60s - 27,0,0.000000,-3.000000,10.000000,0.000000,0.000000,FALSE,FALSE,FALSE,FALSE,FALSE,TRUE,0,TRUE,FALSE,0.000000,0.000000,0.000000,0.000000,0.000000,0.000000,1.000000,90.000000,FALSE,TRUE,TRUE,TRUE,0.000000,0.000000,FALSE,FALSE,TRUE,FALSE,FALSE,2,FALSE,18643,1.6,TRUE,2.3.1 Beta 4,90.000000,yak-40_v11,Aquila Volat ,2015.11.19 ,10,FALSE,0,0,0,FALSE,0.000000,FALSE,FALSE,FALSE,FALSE,0.000000,0,FALSE,FALSE
Orbit_60s,Orbit_60s - 28,0,1.736485,-2.954423,9.848078,350.000000,0.000000,FALSE,FALSE,FALSE,FALSE,FALSE,TRUE,0,TRUE,FALSE,0.000000,0.000000,0.000000,0.000000,0.000000,0.000000,1.000000,90.000000,FALSE,TRUE,TRUE,TRUE,0.000000,0.000000,FALSE,FALSE,TRUE,FALSE,FALSE,2,FALSE,18643,1.6,TRUE,2.3.1 Beta 4,90.000000,yak-40_v11,Aquila Volat ,2015.11.19 ,10,FALSE,0,0,0,FALSE,0.000000,FALSE,FALSE,FALSE,FALSE,0.000000,0,FALSE,FALSE
Orbit_60s,Orbit_60s - 29,0,3.420204,-2.819078,9.396926,340.000000,0.000000,FALSE,FALSE,FALSE,FALSE,FALSE,TRUE,0,TRUE,FALSE,0.000000,0.000000,0.000000,0.000000,0.000000,0.000000,1.000000,90.000000,FALSE,TRUE,TRUE,TRUE,0.000000,0.000000,FALSE,FALSE,TRUE,FALSE,FALSE,2,FALSE,18643,1.6,TRUE,2.3.1 Beta 4,90.000000,yak-40_v11,Aquila Volat ,2015.11.19 ,10,FALSE,0,0,0,FALSE,0.000000,FALSE,FALSE,FALSE,FALSE,0.000000,0,FALSE,FALSE
Orbit_60s,Orbit_60s - 30,0,5.000002,-2.598076,8.660254,330.000000,0.000000,FALSE,FALSE,FALSE,FALSE,FALSE,TRUE,0,TRUE,FALSE,0.000000,0.000000,0.000000,0.000000,0.000000,0.000000,1.000000,90.000000,FALSE,TRUE,TRUE,TRUE,0.000000,0.000000,FALSE,FALSE,TRUE,FALSE,FALSE,2,FALSE,18643,1.6,TRUE,2.3.1 Beta 4,90.000000,yak-40_v11,Aquila Volat ,2015.11.19 ,10,FALSE,0,0,0,FALSE,0.000000,FALSE,FALSE,FALSE,FALSE,0.000000,0,FALSE,FALSE
Orbit_60s,Orbit_60s - 31,0,6.427877,-2.298133,7.660443,320.000000,0.000000,FALSE,FALSE,FALSE,FALSE,FALSE,TRUE,0,TRUE,FALSE,0.000000,0.000000,0.000000,0.000000,0.000000,0.000000,1.000000,90.000000,FALSE,TRUE,TRUE,TRUE,0.000000,0.000000,FALSE,FALSE,TRUE,FALSE,FALSE,2,FALSE,18643,1.6,TRUE,2.3.1 Beta 4,90.000000,yak-40_v11,Aquila Volat ,2015.11.19 ,10,FALSE,0,0,0,FALSE,0.000000,FALSE,FALSE,FALSE,FALSE,0.000000,0,FALSE,FALSE
Orbit_60s,Orbit_60s - 32,0,7.660445,-1.928363,6.427875,310.000000,0.000000,FALSE,FALSE,FALSE,FALSE,FALSE,TRUE,0,TRUE,FALSE,0.000000,0.000000,0.000000,0.000000,0.000000,0.000000,1.000000,90.000000,FALSE,TRUE,TRUE,TRUE,0.000000,0.000000,FALSE,FALSE,TRUE,FALSE,FALSE,2,FALSE,18643,1.6,TRUE,2.3.1 Beta 4,90.000000,yak-40_v11,Aquila Volat ,2015.11.19 ,10,FALSE,0,0,0,FALSE,0.000000,FALSE,FALSE,FALSE,FALSE,0.000000,0,FALSE,FALSE
Orbit_60s,Orbit_60s - 33,0,8.660254,-1.500000,4.999999,300.000000,0.000000,FALSE,FALSE,FALSE,FALSE,FALSE,TRUE,0,TRUE,FALSE,0.000000,0.000000,0.000000,0.000000,0.000000,0.000000,1.000000,90.000000,FALSE,TRUE,TRUE,TRUE,0.000000,0.000000,FALSE,FALSE,TRUE,FALSE,FALSE,2,FALSE,18643,1.6,TRUE,2.3.1 Beta 4,90.000000,yak-40_v11,Aquila Volat ,2015.11.19 ,10,FALSE,0,0,0,FALSE,0.000000,FALSE,FALSE,FALSE,FALSE,0.000000,0,FALSE,FALSE
Orbit_60s,Orbit_60s - 34,0,9.396926,-1.026061,3.420201,290.000000,0.000000,FALSE,FALSE,FALSE,FALSE,FALSE,TRUE,0,TRUE,FALSE,0.000000,0.000000,0.000000,0.000000,0.000000,0.000000,1.000000,90.000000,FALSE,TRUE,TRUE,TRUE,0.000000,0.000000,FALSE,FALSE,TRUE,FALSE,FALSE,2,FALSE,18643,1.6,TRUE,2.3.1 Beta 4,90.000000,yak-40_v11,Aquila Volat ,2015.11.19 ,10,FALSE,0,0,0,FALSE,0.000000,FALSE,FALSE,FALSE,FALSE,0.000000,0,FALSE,FALSE
Orbit_60s,Orbit_60s - 35,0,9.848078,-0.520945,1.736481,280.000000,0.000000,FALSE,FALSE,FALSE,FALSE,FALSE,TRUE,0,TRUE,FALSE,0.000000,0.000000,0.000000,0.000000,0.000000,0.000000,1.000000,90.000000,FALSE,TRUE,TRUE,TRUE,0.000000,0.000000,FALSE,FALSE,TRUE,FALSE,FALSE,2,FALSE,18643,1.6,TRUE,2.3.1 Beta 4,90.000000,yak-40_v11,Aquila Volat ,2015.11.19 ,10,FALSE,0,0,0,FALSE,0.000000,FALSE,FALSE,FALSE,FALSE,0.000000,0,FALSE,FALSE
Orbit_60s,Orbit_60s - 36,0,10.000000,0.000000,0.000000,270.000000,0.000000,FALSE,FALSE,FALSE,FALSE,FALSE,TRUE,0,FALSE,FALSE,0.000000,0.000000,0.000000,0.000000,0.000000,0.000000,1.000000,90.000000,FALSE,TRUE,TRUE,TRUE,0.000000,0.000000,FALSE,FALSE,TRUE,FALSE,FALSE,2,FALSE,18643,1.6,TRUE,2.3.1 Beta 4,90.000000,yak-40_v11,Aquila Volat ,2015.11.19 ,10,FALSE,0,0,0,FALSE,0.000000,FALSE,FALSE,FALSE,FALSE,0.000000,0,FALSE,FALSE
Baggage Hold,Camera 1,0,-9.660036,0.870560,4.381303,75.000000,0.000000,FALSE,FALSE,FALSE,FALSE,FALSE,TRUE,0,TRUE,FALSE,0.000000,0.000000,0.000000,0.000000,0.000000,0.000000,1.000000,80.000000,TRUE,TRUE,FALSE,FALSE,0.000000,0.000000,FALSE,FALSE,TRUE,FALSE,FALSE,2,FALSE,18643,5.0,FALSE,2.3.1 Beta 4,90.000000,yak-40_v11,Aquila Volat ,2015.11.19 ,11,FALSE,0,0,0,FALSE,0.000000,FALSE,FALSE,FALSE,FALSE,0.000000,0,FALSE,FALSE
Baggage Hold,Camera 2,0,-3.148841,0.870560,2.776643,60.000000,0.233557,FALSE,FALSE,FALSE,FALSE,FALSE,TRUE,0,TRUE,FALSE,0.000000,0.000000,0.000000,0.000000,0.000000,0.000000,1.000000,80.000000,TRUE,TRUE,FALSE,FALSE,0.000000,0.000000,FALSE,FALSE,TRUE,FALSE,FALSE,2,FALSE,18643,5.0,FALSE,2.3.1 Beta 4,90.000000,yak-40_v11,Aquila Volat ,2015.11.19 ,11,FALSE,0,0,0,FALSE,0.000000,FALSE,FALSE,FALSE,FALSE,0.000000,0,FALSE,FALSE
Baggage Hold,Camera 3,0,-2.015937,0.370560,2.309356,65.000000,350.000000,FALSE,FALSE,FALSE,FALSE,FALSE,TRUE,0,FALSE,FALSE,0.000000,0.000000,0.000000,0.000000,0.000000,0.000000,1.000000,80.000000,TRUE,TRUE,FALSE,FALSE,0.000000,0.000000,FALSE,FALSE,TRUE,FALSE,FALSE,2,FALSE,18643,2.0,FALSE,2.3.1 Beta 4,90.000000,yak-40_v11,Aquila Volat ,2015.11.19 ,11,FALSE,0,0,0,FALSE,0.000000,FALSE,FALSE,FALSE,FALSE,0.000000,0,FALSE,FALSE
